Category,Vendor Name,File Name
Clothing and Apparel,"{""ReceiptInfo"": {""ITEMS"": [{""description"": ""EVIAN WATER LTR"", ""discountAmount"": null, ""quantity"": 1, ""totalPrice"": 3.49, ""unitPrice"": 3.49}], ""address"": ""1450 ALA MOANA BLVD HONOLULU, HI 96814"", ""city"": ""HONOLULU"", ""merchant"": ""ABC STORES"", ""phoneNumber"": ""(808) 952-5334"", ""receiptDate"": ""JUL 22 2023"", ""receiptTime"": ""20:02"", ""state"": ""HI"", ""tax"": 0.16, ""total"": 3.71}}",18
Clothing and Apparel,"{""ReceiptInfo"": {""ITEMS"": [{""description"": ""FOUNTAIN DRNK"", ""quantity"": 1, ""totalPrice"": 1.69, ""unitPrice"": 1.69}, {""description"": ""AMB BENTO SPCY CKN"", ""quantity"": 1, ""totalPrice"": 0, ""unitPrice"": 0}], ""address"": ""1450 Ala Moana Blvd, Suite 8000 Honolulu, HI 96814"", ""city"": ""Honolulu"", ""merchant"": ""Foodland"", ""phoneNumber"": ""808-949-5044"", ""receiptDate"": ""10/15/23"", ""receiptTime"": ""09:04pm"", ""state"": ""HI"", ""tax"": 0.46, ""total"": 10.14}}",79
Clothing and Apparel,"{""ReceiptInfo"": {""ITEMS"": [{""description"": ""FT CUSHION VISTA VINTAGE"", ""quantity"": 1, ""totalPrice"": 55.0, ""unitPrice"": 55.0}, {""description"": ""BAG FEE"", ""quantity"": 1, ""totalPrice"": 0.15, ""unitPrice"": 0.15}], ""address"": ""Ala Moana Shopping Center 1450 Ala Moana Blvd Honolulu, HI 96814"", ""city"": ""Honolulu"", ""merchant"": ""T&C Surf Designs Ala Moana"", ""phoneNumber"": ""808.973.5199"", ""receiptDate"": ""10/15/2023"", ""receiptTime"": ""12:20:46 PM"", ""state"": ""HI"", ""tax"": 2.6, ""total"": 57.75}}",71
Clothing and Apparel,"{""ReceiptInfo"": {""ITEMS"": [{""description"": ""Jg striped brianna sweate"", ""quantity"": 1, ""totalPrice"": 38.0, ""unitPrice"": 38.0}], ""address"": ""ALA MOANA CENTER, HI 1450 ALA MOANA BL #3224 HONOLULU, HI 96814"", ""city"": ""HONOLULU"", ""merchant"": ""PACS UN"", ""phoneNumber"": ""808-943-9317"", ""receiptDate"": ""10/8/23"", ""receiptTime"": ""6:50 PM"", ""state"": ""HI"", ""tax"": 1.79, ""total"": 40.0}}",21
Grocery and Supermarkets,"{""ReceiptInfo"": {""ITEMS"": [], ""address"": ""2334 S KING ST HONOLULU, HI 96826"", ""city"": ""HONOLULU"", ""merchant"": ""KOZO SUSHI MOILIILI"", ""phoneNumber"": ""(808) 951-5698"", ""receiptDate"": ""05/14/22"", ""receiptTime"": ""11:50:15"", ""state"": ""HI"", ""tax"": null, ""total"": 14.55}}",14
Grocery and Supermarkets,"{""ReceiptInfo"": {""ITEMS"": [], ""address"": ""6600 KALANIANAOLE HWY ST HONOLULU, HI 96825"", ""city"": ""HONOLULU"", ""merchant"": ""DRIVER LICENSE HAWAII KA"", ""phoneNumber"": ""(808) 768-4800"", ""receiptDate"": ""05/03/22"", ""receiptTime"": ""12:48:17"", ""state"": ""HI"", ""tax"": null, ""total"": 40.94}}",25
Grocery and Supermarkets,"{""ReceiptInfo"": {""ITEMS"": [], ""address"": ""STE 2041960 KAPIOLANI BLVD HONOLULU, HI 968263975"", ""city"": ""HONOLULU"", ""merchant"": ""PHO 777"", ""phoneNumber"": ""8089557770"", ""receiptDate"": ""26-Oct-2022"", ""receiptTime"": ""7:07:53P"", ""state"": ""HI"", ""tax"": null, ""total"": 44.47}}",7
Grocery and Supermarkets,"{""ReceiptInfo"": {""ITEMS"": [{""description"": ""#18. Lamb Salad"", ""discountAmount"": null, ""quantity"": 1, ""totalPrice"": 13.99, ""unitPrice"": 13.99}], ""address"": ""240 EAST DELAWARE AVENUE NEWARK, DE 19711"", ""city"": ""NEWARK"", ""merchant"": ""Halal Gyro Kabob House"", ""phoneNumber"": ""4439937029"", ""receiptDate"": ""06-Jul-2023"", ""receiptTime"": ""7:57:49P"", ""state"": ""DE"", ""tax"": null, ""total"": 16.09}}",65
Grocery and Supermarkets,"{""ReceiptInfo"": {""ITEMS"": [{""description"": ""071200630 THAT'S IT"", ""quantity"": 2, ""totalPrice"": 8.94, ""unitPrice"": 4.47}, {""description"": ""231000978 GENERALMILLS"", ""quantity"": 1, ""totalPrice"": 5.79, ""unitPrice"": 5.79}, {""description"": ""288030240 CPK"", ""quantity"": 1, ""totalPrice"": 6.49, ""unitPrice"": 6.49}, {""description"": ""071100984 GG CRACKER"", ""quantity"": 1, ""totalPrice"": 2.99, ""unitPrice"": 2.99}, {""description"": ""284101092 CHOBANI"", ""quantity"": 2, ""totalPrice"": 2.0, ""unitPrice"": 1.0}, {""description"": ""284101095 CHOBANI"", ""quantity"": 2, ""totalPrice"": 2.0, ""unitPrice"": 1.0}, {""description"": ""284100221 CHOBANI"", ""quantity"": 1, ""totalPrice"": 1.0, ""unitPrice"": 1.0}, {""description"": ""271550378 ALANI"", ""quantity"": 2, ""totalPrice"": 5.0, ""unitPrice"": 2.5}, {""description"": ""Bottle Deposit Fee"", ""quantity"": null, ""totalPrice"": 0.06, ""unitPrice"": 0.06}, {""description"": ""271550378 ALANI"", ""quantity"": 2, ""totalPrice"": 5.0, ""unitPrice"": 2.5}, {""description"": ""Bottle Deposit Fee"", ""quantity"": null, ""totalPrice"": 0.06, ""unitPrice"": 0.06}, {""description"": ""284110730 GG CHEESE"", ""quantity"": 1, ""totalPrice"": 4.29, ""unitPrice"": 4.29}, {""description"": ""094040045 BENADRYL"", ""quantity"": null, ""totalPrice"": 8.79, ""unitPrice"": 8.79}, {""description"": ""049004698 Method BW"", ""quantity"": null, ""totalPrice"": 11.99, ""unitPrice"": 11.99}, {""description"": ""245093516 Rohto"", ""quantity"": null, ""totalPrice"": 10.99, ""unitPrice"": 10.99}, {""description"": ""200080762 Reduce"", ""quantity"": null, ""totalPrice"": 13.99, ""unitPrice"": 13.99}, {""description"": ""088010058 FranklinSprt"", ""quantity"": null, ""totalPrice"": 2.29, ""unitPrice"": 2.29}, {""description"": ""234262323 BULLSEYE'S A"", ""quantity"": null, ""totalPrice"": 1.0, ""unitPrice"": 1.0}], ""address"": ""1450 Ala Moana Blvd, Ste 2401 Honolulu, Hawaii 96814-4604"", ""city"": ""Honolulu"", ""merchant"": ""Oahu Honolulu Ala Moana"", ""phoneNumber"": ""808-206-7162"", ""receiptDate"": ""10/21/2023"", ""receiptTime"": ""12:09 PM"", ""state"": ""Hawaii"", ""tax"": 3.92, ""total"": 87.27}}",101
Grocery and Supermarkets,"{""ReceiptInfo"": {""ITEMS"": [{""description"": ""088039828 ProCat"", ""discountAmount"": null, ""quantity"": 1, ""totalPrice"": 29.99, ""unitPrice"": 29.99}, {""description"": ""088036622 ProCat Puna"", ""discountAmount"": null, ""quantity"": 1, ""totalPrice"": 15.99, ""unitPrice"": 15.99}], ""address"": ""1450 Ala Moana Blvd, Ste 2401, <UNKNOWN> Hawaii 96814-4604"", ""city"": ""<UNKNOWN>"", ""merchant"": ""Oahu Honolulu Ala Moana"", ""phoneNumber"": ""808-206-7162"", ""receiptDate"": ""08/24/2022"", ""receiptTime"": ""06:52 PM"", ""state"": ""Hawaii"", ""tax"": 2.17, ""total"": 48.15}}",13
Grocery and Supermarkets,"{""ReceiptInfo"": {""ITEMS"": [{""description"": ""092097112568 TAPCON BIT <A>"", ""quantity"": 1, ""totalPrice"": 7.94, ""unitPrice"": 7.94}, {""description"": ""092097281554 TAPCON 3/16 <A>"", ""quantity"": 1, ""totalPrice"": 5.91, ""unitPrice"": 5.91}, {""description"": ""049223595481 KDSFEPICHNGR <A>"", ""quantity"": 1, ""totalPrice"": 12.62, ""unitPrice"": 12.62}, {""description"": ""048374508487 DC TOWEL 3PK <A, U>"", ""quantity"": 1, ""totalPrice"": 5.48, ""unitPrice"": 5.48}, {""description"": ""049223001180 10-PIECE BRA <A>"", ""quantity"": 1, ""totalPrice"": 8.22, ""unitPrice"": 8.22}, {""description"": ""885911627283 DWAMI30 <A>"", ""quantity"": 1, ""totalPrice"": 24.97, ""unitPrice"": 24.97}], ""address"": ""421 ALAKAWA STREET HONOLULU, HI 96817"", ""city"": ""HONOLULU"", ""merchant"": ""How doers"", ""phoneNumber"": ""(808)521-7355"", ""receiptDate"": ""09/30/23"", ""receiptTime"": ""01:11 PM"", ""state"": ""HI"", ""tax"": 3.07, ""total"": 68.21}}",19
Grocery and Supermarkets,"{""ReceiptInfo"": {""ITEMS"": [{""description"": ""1 Beef Crunchy Taco"", ""quantity"": 1, ""totalPrice"": 1.79, ""unitPrice"": 1.79}, {""description"": ""1 Beef Soft Taco"", ""quantity"": 1, ""totalPrice"": 1.79, ""unitPrice"": 1.79}, {""description"": ""1 Chzy Bean Rice Bur"", ""quantity"": 1, ""totalPrice"": 1.89, ""unitPrice"": 1.89}, {""description"": ""1 Chips N Cheese"", ""quantity"": 1, ""totalPrice"": 2.79, ""unitPrice"": 2.79}], ""address"": ""376 Kamehameha Hwy Pearl City, HI 96782"", ""city"": ""Pearl City"", ""merchant"": ""Taco Bell 002491"", ""phoneNumber"": ""(808)486-9697"", ""receiptDate"": ""10/13/2023"", ""receiptTime"": ""1:12:30 PM"", ""state"": ""HI"", ""tax"": 0.39, ""total"": 8.65}}",28
Grocery and Supermarkets,"{""ReceiptInfo"": {""ITEMS"": [{""description"": ""1 Happy Meal Ch Burger"", ""quantity"": 1, ""totalPrice"": 4.39, ""unitPrice"": 4.39}, {""description"": ""1 Cheeseburger NO Pickle"", ""quantity"": 1, ""totalPrice"": null, ""unitPrice"": null}, {""description"": ""1 Extra Kids Fry"", ""quantity"": 1, ""totalPrice"": null, ""unitPrice"": null}, {""description"": ""1 Apple Juice"", ""quantity"": 1, ""totalPrice"": null, ""unitPrice"": null}, {""description"": ""1 S Apl Jc Surcharge"", ""quantity"": 1, ""totalPrice"": null, ""unitPrice"": null}, {""description"": ""1 ELEMENTAL"", ""quantity"": 1, ""totalPrice"": null, ""unitPrice"": null}, {""description"": ""1 S Grimace Bday Shake"", ""quantity"": 1, ""totalPrice"": 3.69, ""unitPrice"": 3.69}, {""description"": ""1 S Shake Surcharge"", ""quantity"": 1, ""totalPrice"": null, ""unitPrice"": null}], ""address"": ""3549 RUSSETT GREEN E (WM#1985) MD ANNE"", ""city"": ""<UNKNOWN>"", ""merchant"": ""McDonald's Restaurant #14616"", ""phoneNumber"": ""301-7767980"", ""receiptDate"": ""07/04/2023"", ""receiptTime"": ""04:24 PM"", ""state"": ""MD"", ""tax"": 0.48, ""total"": 8.56}}",90
Grocery and Supermarkets,"{""ReceiptInfo"": {""ITEMS"": [{""description"": ""1 Lg Ice Orig Latte"", ""quantity"": 1, ""totalPrice"": 5.59, ""unitPrice"": 5.59}], ""address"": ""2560 McCarthy Mall Honolulu, HI 96822"", ""city"": ""Honolulu"", ""merchant"": ""Dunkin'"", ""phoneNumber"": ""<UNKNOWN>"", ""receiptDate"": ""9/25/2023"", ""receiptTime"": ""8:18 AM"", ""state"": ""HI"", ""tax"": 0.26, ""total"": 5.85}}",66
Grocery and Supermarkets,"{""ReceiptInfo"": {""ITEMS"": [{""description"": ""1 Md Ice Orig Latte"", ""discountAmount"": null, ""quantity"": 1, ""totalPrice"": 5.19, ""unitPrice"": 5.19}, {""description"": ""1 Chkn RstdPep Wrap"", ""discountAmount"": null, ""quantity"": 1, ""totalPrice"": 4.79, ""unitPrice"": 4.79}], ""address"": ""2560 McCarthy Mall Honolulu, HI 96822"", ""city"": ""Honolulu"", ""merchant"": ""Welcome to <UNKNOWN>"", ""phoneNumber"": ""(808) 956-6728"", ""receiptDate"": ""9/21/2023"", ""receiptTime"": ""12:55 PM"", ""state"": ""HI"", ""tax"": 0.47, ""total"": 10.45}}",5
Grocery and Supermarkets,"{""ReceiptInfo"": {""ITEMS"": [{""description"": ""1 Md Ice Orig Latte"", ""quantity"": 1, ""totalPrice"": 5.19, ""unitPrice"": 5.19}], ""address"": ""2560 McCarthy Mall Honolulu, HI 96822"", ""city"": ""Honolulu"", ""merchant"": ""Dunkin'"", ""phoneNumber"": ""(808) 956-6728"", ""receiptDate"": ""9/5/2023"", ""receiptTime"": ""8:16 AM"", ""state"": ""HI"", ""tax"": 0.24, ""total"": 5.43}}",52
Grocery and Supermarkets,"{""ReceiptInfo"": {""ITEMS"": [{""description"": ""1 Plate"", ""quantity"": 1, ""totalPrice"": 10.6, ""unitPrice"": 10.6}, {""description"": ""FRIED RICE-1/2"", ""quantity"": 1, ""totalPrice"": 0.0, ""unitPrice"": 0.0}, {""description"": ""FRIED <UNKNOWN>"", ""quantity"": 1, ""totalPrice"": 0.0, ""unitPrice"": 0.0}, {""description"": ""STR BN CKN BRST"", ""quantity"": 1, ""totalPrice"": 0.0, ""unitPrice"": 0.0}, {""description"": ""ORANGE CKN"", ""quantity"": 1, ""totalPrice"": 0.0, ""unitPrice"": 0.0}, {""description"": ""1 XTRA ENTREE"", ""quantity"": 1, ""totalPrice"": 1.5, ""unitPrice"": 1.5}, {""description"": ""VEG SPRING <UNKNOWN>"", ""quantity"": 0, ""totalPrice"": 0.0, ""unitPrice"": 0.0}, {""description"": ""<UNKNOWN>"", ""quantity"": 0, ""totalPrice"": 0.0, ""unitPrice"": 0.0}], ""address"": ""Honclulu, HI"", ""city"": ""Honclulu"", ""merchant"": ""Panda Express #2150"", ""phoneNumber"": ""(808)956-7229"", ""receiptDate"": ""6/9/2023"", ""receiptTime"": ""11:02:50 AM"", ""state"": ""HI"", ""tax"": 0.57, ""total"": 12.67}}",56
Grocery and Supermarkets,"{""ReceiptInfo"": {""ITEMS"": [{""description"": ""10RAINBOW PLAYBALL EACH"", ""quantity"": 1, ""totalPrice"": 7.99, ""unitPrice"": 7.99}, {""description"": ""CFRIO SF PEG BAG 3Z"", ""quantity"": 1, ""totalPrice"": 3.99, ""unitPrice"": 3.99}, {""description"": ""CFRIO SF PEG BAG 3Z"", ""quantity"": 1, ""totalPrice"": 3.99, ""unitPrice"": 3.99}], ""address"": ""4211 WAIALAE AVE"", ""city"": ""null"", ""merchant"": ""Longs"", ""phoneNumber"": ""808.732.0781"", ""receiptDate"": ""MAY 11, 2022"", ""receiptTime"": ""6:44 PM"", ""state"": ""HI"", ""tax"": 16.72, ""total"": 16.72}}",15
Grocery and Supermarkets,"{""ReceiptInfo"": {""ITEMS"": [{""description"": ""1125156 ORG LATE JUL"", ""quantity"": 1, ""totalPrice"": 16.99, ""unitPrice"": 16.99}, {""description"": ""222464 MOZZ STICKS"", ""quantity"": 1, ""totalPrice"": 0.99, ""unitPrice"": 0.99}, {""description"": ""169730 FR <UNKNOWN>"", ""quantity"": 1, ""totalPrice"": 3.2, ""unitPrice"": 3.2}, {""description"": ""1678104 ORG AVO OIL."", ""quantity"": 1, ""totalPrice"": 15.99, ""unitPrice"": 15.99}, {""description"": ""155138 SHAVED PARM"", ""quantity"": 1, ""totalPrice"": 16.69, ""unitPrice"": 16.69}, {""description"": ""737160 KIMCHI"", ""quantity"": 1, ""totalPrice"": 6.99, ""unitPrice"": 6.99}, {""description"": ""1620336 GUACAMOLE"", ""quantity"": 1, ""totalPrice"": 9.99, ""unitPrice"": 9.99}, {""description"": ""1036732 ORG CELERY"", ""quantity"": 1, ""totalPrice"": 5.99, ""unitPrice"": 5.99}, {""description"": ""1487676 MINI LIGHTS"", ""quantity"": 1, ""totalPrice"": 24.99, ""unitPrice"": 24.99}, {""description"": ""47825 GREEN <UNKNOWN>"", ""quantity"": 1, ""totalPrice"": 6.59, ""unitPrice"": 6.59}, {""description"": ""2955509 DIAPERS SZ 4"", ""quantity"": 1, ""totalPrice"": 52.49, ""unitPrice"": 52.49}, {""description"": ""1344105 BLUE DOGFOOD"", ""quantity"": 1, ""totalPrice"": 65.89, ""unitPrice"": 65.89}, {""description"": ""33605 FILET STEAK"", ""quantity"": 1, ""totalPrice"": 57.77, ""unitPrice"": 57.77}, {""description"": ""27003 STRAWBERRIES"", ""quantity"": 1, ""totalPrice"": 5.39, ""unitPrice"": 5.39}], ""address"": ""Hawaii Kai #120, Keahole Street, HI 96825"", ""city"": ""HONOLULU"", ""merchant"": ""COSTCO"", ""phoneNumber"": ""<UNKNOWN>"", ""receiptDate"": ""11/07/2023"", ""receiptTime"": ""18:10"", ""state"": ""HI"", ""tax"": 13.74, ""total"": 305.28}}",93
Grocery and Supermarkets,"{""ReceiptInfo"": {""ITEMS"": [{""description"": ""138169 SLICE CHEESE"", ""discountAmount"": null, ""quantity"": 1, ""totalPrice"": 1.99, ""unitPrice"": 1.99}, {""description"": ""138177 SLICE PEP"", ""discountAmount"": null, ""quantity"": 1, ""totalPrice"": 1.99, ""unitPrice"": 1.99}, {""description"": ""1178075 CB MCHA FRZE"", ""discountAmount"": null, ""quantity"": 1, ""totalPrice"": 2.99, ""unitPrice"": 2.99}, {""description"": ""1641177 FC MANGO"", ""discountAmount"": null, ""quantity"": 1, ""totalPrice"": 2.99, ""unitPrice"": 2.99}], ""address"": ""333A Keahole Street Honolulu, HI 96825"", ""city"": ""Honolulu"", ""merchant"": ""COSTCO WHOLESALE"", ""phoneNumber"": ""null"", ""receiptDate"": ""null"", ""receiptTime"": ""null"", ""state"": ""HI"", ""tax"": 0.47, ""total"": 10.43}}",35
Grocery and Supermarkets,"{""ReceiptInfo"": {""ITEMS"": [{""description"": ""16oz Iced Latte"", ""discountAmount"": null, ""quantity"": 1, ""totalPrice"": 5.0, ""unitPrice"": 5.0}], ""address"": ""591 Collaboration Way Newark, DE 19713"", ""city"": ""Newark"", ""merchant"": ""Grain Exchange"", ""phoneNumber"": null, ""receiptDate"": ""7/12/23"", ""receiptTime"": ""9:10 AM"", ""state"": ""DE"", ""tax"": null, ""total"": 5.0}}",44
Grocery and Supermarkets,"{""ReceiptInfo"": {""ITEMS"": [{""description"": ""18668 CHKN TAQUITO"", ""discountAmount"": null, ""quantity"": 1, ""totalPrice"": 14.79, ""unitPrice"": 14.79}, {""description"": ""2619 ORG BANANAS"", ""discountAmount"": null, ""quantity"": 1, ""totalPrice"": 2.99, ""unitPrice"": 2.99}, {""description"": ""1669642 ORG BLEND"", ""discountAmount"": null, ""quantity"": 1, ""totalPrice"": 15.99, ""unitPrice"": 15.99}, {""description"": ""1747314 SRDOUGH BRD"", ""discountAmount"": null, ""quantity"": 1, ""totalPrice"": 4.99, ""unitPrice"": 4.99}, {""description"": ""815544 KS BLUEBERRY"", ""discountAmount"": null, ""quantity"": 1, ""totalPrice"": 8.99, ""unitPrice"": 8.99}, {""description"": ""<UNKNOWN> JACKS SALSA"", ""discountAmount"": null, ""quantity"": 1, ""totalPrice"": 6.99, ""unitPrice"": 6.99}, {""description"": ""647465 AVOCADOS"", ""discountAmount"": null, ""quantity"": 1, ""totalPrice"": 6.89, ""unitPrice"": 6.89}, {""description"": ""<UNKNOWN> POTATO BAKE"", ""discountAmount"": null, ""quantity"": 1, ""totalPrice"": 9.99, ""unitPrice"": 9.99}, {""description"": ""4893 CREAM CHEESE"", ""discountAmount"": null, ""quantity"": 1, ""totalPrice"": 11.99, ""unitPrice"": 11.99}, {""description"": ""<UNKNOWN> ORGNC BS BST"", ""discountAmount"": null, ""quantity"": 1, ""totalPrice"": 28.87, ""unitPrice"": 28.87}, {""description"": ""7000070 KS BACON"", ""discountAmount"": null, ""quantity"": 1, ""totalPrice"": 19.99, ""unitPrice"": 19.99}, {""description"": ""29433 SW WRAP"", ""discountAmount"": null, ""quantity"": 1, ""totalPrice"": 18.1, ""unitPrice"": 18.1}, {""description"": ""943649 PIE PUMPKINS"", ""discountAmount"": null, ""quantity"": 1, ""totalPrice"": 4.99, ""unitPrice"": 4.99}, {""description"": ""3 WHOLE MILK"", ""discountAmount"": null, ""quantity"": 1, ""totalPrice"": 5.79, ""unitPrice"": 5.79}, {""description"": ""3 WHOLE <UNKNOWN>"", ""discountAmount"": null, ""quantity"": 1, ""totalPrice"": 5.79, ""unitPrice"": 5.79}, {""description"": ""1009806 ALL IN PAN"", ""discountAmount"": null, ""quantity"": 1, ""totalPrice"": 49.99, ""unitPrice"": 49.99}], ""address"": ""333A Keahole Street <UNKNOWN> HI 96825"", ""city"": ""<UNKNOWN>"", ""merchant"": ""COSTCO"", ""phoneNumber"": ""<UNKNOWN>"", ""receiptDate"": ""09/28/2023"", ""receiptTime"": ""17:48"", ""state"": ""HI"", ""tax"": 9.76, ""total"": 216.89}}",17
Grocery and Supermarkets,"{""ReceiptInfo"": {""ITEMS"": [{""description"": ""2 Bean Burrito"", ""discountAmount"": 0.0, ""quantity"": 2, ""totalPrice"": 3.78, ""unitPrice"": 1.89}, {""description"": ""2 No Red Sauce"", ""discountAmount"": 0.0, ""quantity"": 2, ""totalPrice"": 0.0, ""unitPrice"": 0.0}, {""description"": ""2 NO Onion"", ""discountAmount"": 0.0, ""quantity"": 2, ""totalPrice"": 0.0, ""unitPrice"": 0.0}, {""description"": ""2 Add Beef"", ""discountAmount"": 0.0, ""quantity"": 2, ""totalPrice"": 2.2, ""unitPrice"": 1.1}], ""address"": ""717 Kapahulu Ave Honolulu, HI 96816"", ""city"": ""Honolulu"", ""merchant"": ""Taco Bell 001281"", ""phoneNumber"": ""(808)737-7337"", ""receiptDate"": ""10/4/2023"", ""receiptTime"": ""7:09:19 PM"", ""state"": ""HI"", ""tax"": 0.28, ""total"": 6.26}}",63
Grocery and Supermarkets,"{""ReceiptInfo"": {""ITEMS"": [{""description"": ""2 QTY SIG DIET T"", ""quantity"": 1, ""totalPrice"": 3.0, ""unitPrice"": 3.0}, {""description"": ""DEP SFTDK SNGL FS"", ""quantity"": 1, ""totalPrice"": 0.1, ""unitPrice"": 0.1}, {""description"": ""FEE SFTDK SNGL FS"", ""quantity"": 1, ""totalPrice"": 0.02, ""unitPrice"": 0.02}], ""address"": ""2855 East Manoa Road HONOLULU HI 96822"", ""city"": ""HONOLULU"", ""merchant"": ""SAFEWAY"", ""phoneNumber"": ""(808) 988-2058"", ""receiptDate"": ""02/27/23"", ""receiptTime"": ""19:04"", ""state"": ""HI"", ""tax"": 0.14, ""total"": 3.26}}",4
Grocery and Supermarkets,"{""ReceiptInfo"": {""ITEMS"": [{""description"": ""2023 Gold Pass"", ""discountAmount"": null, ""quantity"": 1, ""totalPrice"": 79.99, ""unitPrice"": 79.99}, {""description"": ""2023 Season Pass"", ""discountAmount"": null, ""quantity"": 1, ""totalPrice"": 59.99, ""unitPrice"": 59.99}], ""address"": ""Regstr 103 Park 10"", ""city"": ""Hawaii"", ""merchant"": ""Wet'N'Wild Hawaii Water Park"", ""phoneNumber"": ""<UNKNOWN>"", ""receiptDate"": ""08/06/2023"", ""receiptTime"": ""10:36"", ""state"": ""HI"", ""tax"": 6.6, ""total"": 146.58}}",89
Grocery and Supermarkets,"{""ReceiptInfo"": {""ITEMS"": [{""description"": ""295000078 Reusble Bags"", ""discountAmount"": null, ""quantity"": 1, ""totalPrice"": 0.99, ""unitPrice"": 0.99}, {""description"": ""020195783 <UNKNOWN>"", ""discountAmount"": null, ""quantity"": 1, ""totalPrice"": 20.0, ""unitPrice"": 20.0}, {""description"": ""020033896 PAJAMA BOTTO"", ""discountAmount"": null, ""quantity"": 1, ""totalPrice"": 12.99, ""unitPrice"": 12.99}, {""description"": ""020032901 Stars Above"", ""discountAmount"": null, ""quantity"": 1, ""totalPrice"": 15.0, ""unitPrice"": 15.0}, {""description"": ""002051181 SHOE RACKS."", ""discountAmount"": null, ""quantity"": 1, ""totalPrice"": 17.0, ""unitPrice"": 17.0}, {""description"": ""049080049 Therabreath"", ""discountAmount"": null, ""quantity"": 1, ""totalPrice"": 8.49, ""unitPrice"": 8.49}, {""description"": ""063003819 Raw Sugar"", ""discountAmount"": null, ""quantity"": 1, ""totalPrice"": 9.99, ""unitPrice"": 9.99}, {""description"": ""063009386 Native"", ""discountAmount"": null, ""quantity"": 1, ""totalPrice"": 8.74, ""unitPrice"": 8.74}, {""description"": ""063000593 Native"", ""discountAmount"": null, ""quantity"": 1, ""totalPrice"": 8.74, ""unitPrice"": 8.74}, {""description"": ""063000283 Raw Sugar"", ""discountAmount"": null, ""quantity"": 1, ""totalPrice"": 9.99, ""unitPrice"": 9.99}, {""description"": ""063008049 Raw Sugar"", ""discountAmount"": null, ""quantity"": 1, ""totalPrice"": 9.99, ""unitPrice"": 9.99}, {""description"": ""082027946 AIM"", ""discountAmount"": null, ""quantity"": 1, ""totalPrice"": 9.99, ""unitPrice"": 9.99}, {""description"": ""082025021 All in Moton"", ""discountAmount"": null, ""quantity"": 1, ""totalPrice"": 12.99, ""unitPrice"": 12.99}], ""address"": ""1450 Ala Moana Blvd, Ste 2401 <UNKNOWN> Hawaii 96814-4604"", ""city"": ""<UNKNOWN>"", ""merchant"": ""Oahu Honolulu Ala Moana - 808-206-7162"", ""phoneNumber"": ""808-206-7162"", ""receiptDate"": ""10/20/2023"", ""receiptTime"": ""08:15 PM"", ""state"": ""Hawaii"", ""tax"": 6.83, ""total"": 151.73}}",105
Grocery and Supermarkets,"{""ReceiptInfo"": {""ITEMS"": [{""description"": ""3 FINGER COMBO"", ""quantity"": 1, ""totalPrice"": 10.89, ""unitPrice"": 10.89}, {""description"": ""BOX COMBO"", ""quantity"": 1, ""totalPrice"": 12.39, ""unitPrice"": 12.39}, {""description"": ""BOX COMBO"", ""quantity"": 1, ""totalPrice"": 12.39, ""unitPrice"": 12.39}, {""description"": ""SWEET TEA"", ""quantity"": 1, ""totalPrice"": null, ""unitPrice"": null}], ""address"": ""Hawaii Kai Town Center Honolulu HI 96825"", ""city"": ""Honolulu"", ""merchant"": ""Raising CHICKEN"", ""phoneNumber"": ""<UNKNOWN>"", ""receiptDate"": ""9/17/2023"", ""receiptTime"": ""3:07:16 PM"", ""state"": ""HI"", ""tax"": 1.68, ""total"": 37.35}}",78
Grocery and Supermarkets,"{""ReceiptInfo"": {""ITEMS"": [{""description"": ""365WFM OG ITALIAN BAG"", ""quantity"": 1, ""totalPrice"": 4.19, ""unitPrice"": 4.19}, {""description"": ""365WFM BREADED CALAMARI"", ""quantity"": 1, ""totalPrice"": 4.19, ""unitPrice"": 4.19}, {""description"": ""OG RSTD PEANUT BUTTER"", ""quantity"": 1, ""totalPrice"": 7.99, ""unitPrice"": 7.99}, {""description"": ""<UNKNOWN>"", ""quantity"": null, ""totalPrice"": 0.29, ""unitPrice"": null}, {""description"": ""Tare Weight"", ""quantity"": null, ""totalPrice"": 0.05, ""unitPrice"": null}, {""description"": ""<UNKNOWN>"", ""quantity"": null, ""totalPrice"": 7.29, ""unitPrice"": null}, {""description"": ""<UNKNOWN>"", ""quantity"": null, ""totalPrice"": 2.11, ""unitPrice"": null}, {""description"": ""OVF OG UHT WHOLE MLK"", ""quantity"": 1, ""totalPrice"": 6.99, ""unitPrice"": 6.99}, {""description"": ""365WFM PECAN HALVES"", ""quantity"": 1, ""totalPrice"": 14.49, ""unitPrice"": 14.49}], ""address"": ""388 Kamakee St Ste 100 Honolulu, HI 96814 5200"", ""city"": ""Honolulu"", ""merchant"": ""WHOLE FOODS MARKET"", ""phoneNumber"": ""808-379-1800"", ""receiptDate"": ""08/02/2023"", ""receiptTime"": ""05:03 PM"", ""state"": ""HI"", ""tax"": 1.69, ""total"": 37.46}}",47
Grocery and Supermarkets,"{""ReceiptInfo"": {""ITEMS"": [{""description"": ""365WFM OG ROMAINE BAG"", ""quantity"": 1, ""totalPrice"": 3.99, ""unitPrice"": 3.99}, {""description"": ""KND PCN MAPLE BAR"", ""quantity"": 1, ""totalPrice"": 3.19, ""unitPrice"": 3.19}, {""description"": ""SPRKO RED WAX GOUDA"", ""quantity"": 1, ""totalPrice"": 9.99, ""unitPrice"": 9.99}, {""description"": ""365WFM BREADED CALAMARI"", ""quantity"": 1, ""totalPrice"": 7.99, ""unitPrice"": 7.99}], ""address"": ""388 Kamakee St Ste 100 Honolulu, HI 96814 5200"", ""city"": ""Honolulu"", ""merchant"": ""WHOLE FOODS MARKET"", ""phoneNumber"": ""808-379-1800"", ""receiptDate"": ""04/13/2023"", ""receiptTime"": ""07:46 PM"", ""state"": ""HI"", ""tax"": 0.9, ""total"": 19.97}}",99
Grocery and Supermarkets,"{""ReceiptInfo"": {""ITEMS"": [{""description"": ""365WFM PASTA SAUCE"", ""quantity"": 1, ""totalPrice"": 2.29, ""unitPrice"": 2.29}, {""description"": ""365WFM RSTD SLTD ALMDS"", ""quantity"": 1, ""totalPrice"": 9.99, ""unitPrice"": 9.99}, {""description"": ""365WFM BREADED CALAMARI"", ""quantity"": 2, ""totalPrice"": 13.58, ""unitPrice"": 6.79}], ""address"": ""388 Kamakee St Ste 100 Honolulu, HI 96814 5200"", ""city"": ""Honolulu"", ""merchant"": ""WHOLE FOODS MARKET"", ""phoneNumber"": ""808-379-1800"", ""receiptDate"": ""04/12/2022"", ""receiptTime"": ""07:31 PM"", ""state"": ""HI"", ""tax"": 1.22, ""total"": 27.08}}",27
Grocery and Supermarkets,"{""ReceiptInfo"": {""ITEMS"": [{""description"": ""400260303352 120Z BLUE PREMIUM"", ""quantity"": 1, ""totalPrice"": 3.49, ""unitPrice"": 3.49}, {""description"": ""400259803634 12x11.3x4.75 Acac"", ""quantity"": 1, ""totalPrice"": 10.99, ""unitPrice"": 10.99}], ""address"": ""HONOLULU, HI 96814"", ""city"": ""HONOLULU"", ""merchant"": ""ROSS DRESS FOR LESS"", ""phoneNumber"": ""808-945-0848"", ""receiptDate"": ""10/14/23"", ""receiptTime"": ""11:51:39 AM"", ""state"": ""HI"", ""tax"": 0.68, ""total"": 15.16}}",88
Grocery and Supermarkets,"{""ReceiptInfo"": {""ITEMS"": [{""description"": ""423450 EZPEELSHRINF"", ""discountAmount"": null, ""quantity"": 1, ""totalPrice"": 16.98, ""unitPrice"": 16.98}, {""description"": ""E 980048788 DC 24PK CANF"", ""discountAmount"": null, ""quantity"": 1, ""totalPrice"": 11.58, ""unitPrice"": 11.58}, {""description"": ""E 980049707 HI DEPOSIT F"", ""discountAmount"": null, ""quantity"": 1, ""totalPrice"": 1.2, ""unitPrice"": 1.2}, {""description"": ""E 980049708 HI HANDLINGF"", ""discountAmount"": null, ""quantity"": 1, ""totalPrice"": 0.24, ""unitPrice"": 0.24}, {""description"": ""E 980109376 MIXED NUTS F"", ""discountAmount"": null, ""quantity"": 1, ""totalPrice"": 9.98, ""unitPrice"": 9.98}, {""description"": ""E 1980332988 DORITOS COOF"", ""discountAmount"": null, ""quantity"": 1, ""totalPrice"": 5.96, ""unitPrice"": 5.96}, {""description"": ""<UNKNOWN> 150F"", ""discountAmount"": null, ""quantity"": 1, ""totalPrice"": 5.96, ""unitPrice"": 5.96}, {""description"": ""369320 BASHATI <UNKNOWN>"", ""discountAmount"": null, ""quantity"": 1, ""totalPrice"": 19.98, ""unitPrice"": 19.98}], ""address"": ""Self Checkout"", ""city"": ""<UNKNOWN>"", ""merchant"": ""sam's club"", ""phoneNumber"": ""(808) 945-9841"", ""receiptDate"": ""05/13/23"", ""receiptTime"": ""19:17"", ""state"": ""<UNKNOWN>"", ""tax"": 3.32, ""total"": 74.2}}",33
Grocery and Supermarkets,"{""ReceiptInfo"": {""ITEMS"": [{""description"": ""5. Deep Green"", ""quantity"": 1, ""totalPrice"": 8.0, ""unitPrice"": 8.0}], ""address"": ""2752 WOODLAWN DRIVE HONOLULU, HI 968221802"", ""city"": ""HONOLULU"", ""merchant"": ""LEAHI HEALTH MANOA"", ""phoneNumber"": ""8082242607"", ""receiptDate"": ""30-Jul-2023"", ""receiptTime"": ""1:02:48P"", ""state"": ""HI"", ""tax"": 0.38, ""total"": 8.38}}",37
Grocery and Supermarkets,"{""ReceiptInfo"": {""ITEMS"": [{""description"": ""677492 KS ORG EGGS"", ""quantity"": 1, ""totalPrice"": 8.89, ""unitPrice"": 8.89}, {""description"": ""1450796 CHKN CHUNKS"", ""quantity"": 1, ""totalPrice"": 19.99, ""unitPrice"": 19.99}, {""description"": ""1582666 ONION GRUYER"", ""quantity"": 1, ""totalPrice"": 7.99, ""unitPrice"": 7.99}, {""description"": ""1613499 KEBABS"", ""quantity"": 2, ""totalPrice"": 23.98, ""unitPrice"": 11.99}, {""description"": ""545345 KS PISTACHIO"", ""quantity"": 1, ""totalPrice"": 15.99, ""unitPrice"": 15.99}], ""address"": ""333A Keahole Street Honolulu, HI 96825"", ""city"": ""Honolulu"", ""merchant"": ""COSTCO"", ""phoneNumber"": ""<UNKNOWN>"", ""receiptDate"": ""04/25/2022"", ""receiptTime"": ""18:33"", ""state"": ""HI"", ""tax"": 4.23, ""total"": 94.06}}",94
Grocery and Supermarkets,"{""ReceiptInfo"": {""ITEMS"": [{""description"": ""750ML POMEGRANATE"", ""quantity"": 1, ""totalPrice"": 3.99, ""unitPrice"": 3.99}, {""description"": ""SUGAR FREE HAZELNU"", ""quantity"": 1, ""totalPrice"": 2.99, ""unitPrice"": 2.99}, {""description"": ""50.72oz OKA ALKALI"", ""quantity"": 1, ""totalPrice"": 2.49, ""unitPrice"": 2.49}, {""description"": ""#NIKE MD VALIANT"", ""quantity"": 1, ""totalPrice"": 36.99, ""unitPrice"": 36.99}], ""address"": ""HONOLULU, HI 96814"", ""city"": ""HONOLULU"", ""merchant"": ""ROSS DRESS FOR LESS"", ""phoneNumber"": ""808-943-0137"", ""receiptDate"": ""08/04/23"", ""receiptTime"": ""5:37:51 PM"", ""state"": ""HI"", ""tax"": 2.19, ""total"": 48.65}}",43
Grocery and Supermarkets,"{""ReceiptInfo"": {""ITEMS"": [{""description"": ""956752 HI WATER 12P"", ""discountAmount"": null, ""quantity"": 1, ""totalPrice"": 6.65, ""unitPrice"": 6.65}, {""description"": ""2700000000 HI BEVERAGE"", ""discountAmount"": null, ""quantity"": 1, ""totalPrice"": 0.72, ""unitPrice"": 0.72}, {""description"": ""782796 null"", ""discountAmount"": null, ""quantity"": 1, ""totalPrice"": 6.39, ""unitPrice"": 6.39}, {""description"": ""9600000000 HI BEVERAGE"", ""discountAmount"": null, ""quantity"": 1, ""totalPrice"": 2.4, ""unitPrice"": 2.4}, {""description"": ""5092 WATERMELON"", ""discountAmount"": null, ""quantity"": 1, ""totalPrice"": 12.99, ""unitPrice"": 12.99}, {""description"": ""1083849 BLACK GRAPE"", ""discountAmount"": null, ""quantity"": 1, ""totalPrice"": 7.99, ""unitPrice"": 7.99}, {""description"": ""1489206 PRINGLES VTY"", ""discountAmount"": null, ""quantity"": 1, ""totalPrice"": 24.89, ""unitPrice"": 24.89}, {""description"": ""969786 PANDA COOKIE"", ""discountAmount"": null, ""quantity"": 1, ""totalPrice"": 9.99, ""unitPrice"": 9.99}, {""description"": ""107699 DUMPLINGS"", ""discountAmount"": null, ""quantity"": 1, ""totalPrice"": 13.59, ""unitPrice"": 13.59}, {""description"": ""30669 null"", ""discountAmount"": null, ""quantity"": 1, ""totalPrice"": 2.39, ""unitPrice"": 2.39}, {""description"": ""18600 MANDARINS"", ""discountAmount"": null, ""quantity"": 1, ""totalPrice"": 8.79, ""unitPrice"": 8.79}, {""description"": ""24311 VAR. MUFFIN"", ""discountAmount"": null, ""quantity"": 1, ""totalPrice"": 9.99, ""unitPrice"": 9.99}, {""description"": ""38578 SPINSALAD"", ""discountAmount"": null, ""quantity"": 1, ""totalPrice"": 12.52, ""unitPrice"": 12.52}], ""address"": ""333A Keahole Street Honolulu, HI 96825"", ""city"": ""Honolulu"", ""merchant"": ""COSTCO"", ""phoneNumber"": ""null"", ""receiptDate"": ""09/17/2023"", ""receiptTime"": ""14:56"", ""state"": ""HI"", ""tax"": 5.24, ""total"": 119.54}}",29
Grocery and Supermarkets,"{""ReceiptInfo"": {""ITEMS"": [{""description"": ""990309440 BOOK"", ""discountAmount"": ""null"", ""quantity"": 1, ""totalPrice"": 8.98, ""unitPrice"": 8.98}, {""description"": ""298804 WHL MILK"", ""discountAmount"": ""null"", ""quantity"": ""null"", ""totalPrice"": ""null"", ""unitPrice"": 5.92}, {""description"": ""984177946 REVOL"", ""discountAmount"": ""null"", ""quantity"": 1, ""totalPrice"": 3.88, ""unitPrice"": 3.88}, {""description"": ""476202 GOUDAHAVARTF"", ""discountAmount"": ""null"", ""quantity"": 1, ""totalPrice"": 8.98, ""unitPrice"": 8.98}, {""description"": ""476202 GOUDAHAVARTF"", ""discountAmount"": ""null"", ""quantity"": 1, ""totalPrice"": 8.98, ""unitPrice"": 8.98}, {""description"": ""476202 GOUDAHAVARTF"", ""discountAmount"": ""null"", ""quantity"": ""null"", ""totalPrice"": ""null"", ""unitPrice"": 8.98}, {""description"": ""990002870 CRESTPASTE"", ""discountAmount"": ""null"", ""quantity"": 1, ""totalPrice"": 16.38, ""unitPrice"": 16.38}, {""description"": ""990015995 TAMPAX RAD"", ""discountAmount"": ""null"", ""quantity"": 1, ""totalPrice"": 17.38, ""unitPrice"": 17.38}, {""description"": ""344627 BANANAS"", ""discountAmount"": ""null"", ""quantity"": ""null"", ""totalPrice"": ""null"", ""unitPrice"": 3.58}], ""address"": ""Self Checkout"", ""city"": ""null"", ""merchant"": ""sam's club"", ""phoneNumber"": ""( 808 ) 945 - 9841"", ""receiptDate"": ""10/24/23"", ""receiptTime"": ""19:15"", ""state"": ""null"", ""tax"": 3.07, ""total"": 68.17}}",34
Grocery and Supermarkets,"{""ReceiptInfo"": {""ITEMS"": [{""description"": ""<UNKNOWN> 1"", ""quantity"": 1, ""totalPrice"": 34.47, ""unitPrice"": 34.47}], ""address"": ""700 <UNKNOWN> ST <UNKNOWN> HI 16814"", ""city"": ""<UNKNOWN>"", ""merchant"": ""Walmart"", ""phoneNumber"": ""808-955-8441"", ""receiptDate"": ""10/21/23"", ""receiptTime"": ""11:46:09"", ""state"": ""HI"", ""tax"": 1.62, ""total"": 36.09}}",75
Grocery and Supermarkets,"{""ReceiptInfo"": {""ITEMS"": [{""description"": ""<UNKNOWN> FARMS <UNKNOWN>"", ""quantity"": 1, ""totalPrice"": 4.79, ""unitPrice"": 4.79}, {""description"": ""=SH WHOLE MILK PC"", ""quantity"": 1, ""totalPrice"": 4.79, ""unitPrice"": 4.79}, {""description"": ""QKR CHEWY GRANOLA PC"", ""quantity"": 1, ""totalPrice"": 4.5, ""unitPrice"": 4.5}, {""description"": ""MUFFINS-MINI BLBRYPC"", ""quantity"": 1, ""totalPrice"": 7.99, ""unitPrice"": 7.99}], ""address"": ""1150 Kuala Street Pearl City, HI 96782"", ""city"": ""Pearl City"", ""merchant"": ""Foodland Farms"", ""phoneNumber"": ""808-453-1850"", ""receiptDate"": ""<UNKNOWN>"", ""receiptTime"": ""<UNKNOWN>"", ""state"": ""HI"", ""tax"": 1.04, ""total"": 23.11}}",48
Grocery and Supermarkets,"{""ReceiptInfo"": {""ITEMS"": [{""description"": ""<UNKNOWN> SF PEG BAG 3Z"", ""discountAmount"": null, ""quantity"": 1, ""totalPrice"": 3.99, ""unitPrice"": 3.99}, {""description"": ""FRIO SF PEG BAG 3Z"", ""discountAmount"": null, ""quantity"": 1, ""totalPrice"": 3.99, ""unitPrice"": 3.99}], ""address"": ""2470 S KING ST HONOLULU, HI 96826"", ""city"": ""HONOLULU"", ""merchant"": ""<UNKNOWN> Drugs"", ""phoneNumber"": ""808.947.2651"", ""receiptDate"": ""MAY 2, 2022"", ""receiptTime"": ""9:52 AM"", ""state"": ""HI"", ""tax"": null, ""total"": 8.36}}",20
Grocery and Supermarkets,"{""ReceiptInfo"": {""ITEMS"": [{""description"": ""ACCES0843 - Fender Dreadnought/12-String Case <UNKNOWN> Black"", ""discountAmount"": 0.0, ""quantity"": 1, ""totalPrice"": 149.99, ""unitPrice"": 149.99}], ""address"": ""167 Hamakua Drive Suite 202 Kailua, HI 96734"", ""city"": ""Kailua"", ""merchant"": ""<UNKNOWN> Grove Music"", ""phoneNumber"": ""<UNKNOWN>"", ""receiptDate"": ""10/8/2023"", ""receiptTime"": ""12:31 PM"", ""state"": ""HI"", ""tax"": 7.07, ""total"": 157.06}}",97
Grocery and Supermarkets,"{""ReceiptInfo"": {""ITEMS"": [{""description"": ""ADBR COFFEE RIO"", ""quantity"": 1, ""totalPrice"": 4.99, ""unitPrice"": 4.99}, {""description"": ""ADBR COFFEE RIO"", ""quantity"": 1, ""totalPrice"": 4.99, ""unitPrice"": 4.99}, {""description"": ""ADBR COFFEE RIO"", ""quantity"": 1, ""totalPrice"": 4.99, ""unitPrice"": 4.99}], ""address"": ""305 W. Imperial Hwy. Brea CA 92621"", ""city"": ""Brea"", ""merchant"": ""Ralphs"", ""phoneNumber"": ""(714) 529-4505"", ""receiptDate"": ""03/15/23"", ""receiptTime"": ""04:35pm"", ""state"": ""CA"", ""tax"": 0.0, ""total"": 14.97}}",73
Grocery and Supermarkets,"{""ReceiptInfo"": {""ITEMS"": [{""description"": ""BC PLAIN CRM TOP YGRT"", ""quantity"": 1, ""totalPrice"": 5.99, ""unitPrice"": 5.99}, {""description"": ""365WFM RBST FREE CRM CHS"", ""quantity"": 2, ""totalPrice"": 5.38, ""unitPrice"": 2.69}, {""description"": ""365WFM BREADED CALAMARI"", ""quantity"": 2, ""totalPrice"": 13.58, ""unitPrice"": 6.79}, {""description"": ""PINEAPPLE SMALL"", ""quantity"": 0.52, ""totalPrice"": 3.01, ""unitPrice"": 5.79}, {""description"": ""BAG FEE"", ""quantity"": 1, ""totalPrice"": null, ""unitPrice"": null}], ""address"": ""388 Kamakee St Ste 100 Honolulu, HI 96814 5200"", ""city"": ""Honolulu"", ""merchant"": ""WHOLE FOODS MARKET"", ""phoneNumber"": ""808-379-1800"", ""receiptDate"": ""05/01/2022"", ""receiptTime"": ""06:15 PM"", ""state"": ""HI"", ""tax"": 1.32, ""total"": 29.43}}",23
Grocery and Supermarkets,"{""ReceiptInfo"": {""ITEMS"": [{""description"": ""BH CHORIZO SAUSAGE"", ""discountAmount"": 0, ""quantity"": 1, ""totalPrice"": 5.94, ""unitPrice"": 5.94}], ""address"": ""2855 East <UNKNOWN> Road HONOLULU HI 96822"", ""city"": ""HONOLULU"", ""merchant"": ""SAFEWAY"", ""phoneNumber"": ""<UNKNOWN> 988-2058"", ""receiptDate"": ""08/29/23"", ""receiptTime"": ""19:16"", ""state"": ""HI"", ""tax"": 0.28, ""total"": 5.93}}",9
Grocery and Supermarkets,"{""ReceiptInfo"": {""ITEMS"": [{""description"": ""BODY ARMOR"", ""quantity"": 1, ""totalPrice"": 9.99, ""unitPrice"": 9.99}, {""description"": ""DEP SFTDK 8 PK FS"", ""quantity"": 1, ""totalPrice"": 0.4, ""unitPrice"": 0.4}, {""description"": ""FEE SFTDK 8 PK FS"", ""quantity"": 1, ""totalPrice"": 0.08, ""unitPrice"": 0.08}], ""address"": ""1060 Keolu Drive KAILUA HI 96734"", ""city"": ""KAILUA"", ""merchant"": ""SAFEWAY O"", ""phoneNumber"": ""(808) 266-5200"", ""receiptDate"": ""<UNKNOWN>"", ""receiptTime"": ""<UNKNOWN>"", ""state"": ""HI"", ""tax"": 0.47, ""total"": 10.94}}",12
Grocery and Supermarkets,"{""ReceiptInfo"": {""ITEMS"": [{""description"": ""BOOSTER"", ""quantity"": 1, ""totalPrice"": 19.98, ""unitPrice"": 19.98}, {""description"": ""VOIDED BANKCARD TRANSACTION"", ""quantity"": 1, ""totalPrice"": 1.98, ""unitPrice"": 1.98}], ""address"": ""3549 RUSSETT GRN LAUREL MD 20724"", ""city"": ""LAUREL"", ""merchant"": ""Walmart"", ""phoneNumber"": ""301-604-0180"", ""receiptDate"": ""07/04/23"", ""receiptTime"": ""16:20:22"", ""state"": ""MD"", ""tax"": 0.12, ""total"": 22.08}}",24
Grocery and Supermarkets,"{""ReceiptInfo"": {""ITEMS"": [{""description"": ""BULK CANDY"", ""discountAmount"": 0.0, ""quantity"": 0.32, ""totalPrice"": 10.08, ""unitPrice"": 31.5}, {""description"": ""HI1 Candy"", ""discountAmount"": 0.0, ""quantity"": 0.47, ""totalPrice"": 10.55, ""unitPrice"": null}], ""address"": ""4211 <UNKNOWN> Ave Honolulu, HI 96816"", ""city"": ""Honolulu"", ""merchant"": ""2HI001 See's Candies, Inc"", ""phoneNumber"": ""808-737-9592"", ""receiptDate"": ""4/25/22"", ""receiptTime"": ""6:50 PM"", ""state"": ""HI"", ""tax"": null, ""total"": 10.55}}",8
Grocery and Supermarkets,"{""ReceiptInfo"": {""ITEMS"": [{""description"": ""CARDAMOM POWDER"", ""quantity"": 0, ""totalPrice"": 0, ""unitPrice"": 5.96}, {""description"": ""CINN VIETNAMESE"", ""quantity"": 0, ""totalPrice"": 0, ""unitPrice"": 3.54}, {""description"": ""CUMIN SEED GROUND"", ""quantity"": 0, ""totalPrice"": 0, ""unitPrice"": 2.18}], ""address"": ""2525 South King Street Honolulu,HI,96826"", ""city"": ""Honolulu"", ""merchant"": ""Honolulu Store"", ""phoneNumber"": ""808 947 7678"", ""receiptDate"": ""JUN 17 2023"", ""receiptTime"": ""12:39"", ""state"": ""HI"", ""tax"": 0.55, ""total"": 12.23}}",72
Grocery and Supermarkets,"{""ReceiptInfo"": {""ITEMS"": [{""description"": ""CFRIO SF PEG BAG 3Z"", ""discountAmount"": null, ""quantity"": 1, ""totalPrice"": 4.59, ""unitPrice"": 4.59}, {""description"": ""CFRIO SF PEG BAG 3Z"", ""discountAmount"": null, ""quantity"": 1, ""totalPrice"": 4.59, ""unitPrice"": 4.59}, {""description"": ""CFRIO SF PEG BAG 3Z"", ""discountAmount"": null, ""quantity"": 1, ""totalPrice"": 4.59, ""unitPrice"": 4.59}, {""description"": ""HI CONTAINER FEE"", ""discountAmount"": null, ""quantity"": 1, ""totalPrice"": 0.01, ""unitPrice"": 0.01}, {""description"": ""HI CONTAINER FEE"", ""discountAmount"": null, ""quantity"": 1, ""totalPrice"": 0.01, ""unitPrice"": 0.01}, {""description"": ""1 CR GYSR SPR WTR 33.8"", ""discountAmount"": null, ""quantity"": 1, ""totalPrice"": 1.29, ""unitPrice"": 1.29}, {""description"": ""1 CR GYSR SPR WTR 33.8"", ""discountAmount"": null, ""quantity"": 1, ""totalPrice"": 1.29, ""unitPrice"": 1.29}, {""description"": ""1 BOTTLE DEPOSIT"", ""discountAmount"": null, ""quantity"": 1, ""totalPrice"": 0.05, ""unitPrice"": 0.05}, {""description"": ""1 BOTTLE DEPOSIT"", ""discountAmount"": null, ""quantity"": 1, ""totalPrice"": 0.05, ""unitPrice"": 0.05}], ""address"": ""4211 WAIALAE AVE HONOLULU, HI 96816"", ""city"": ""HONOLULU"", ""merchant"": ""Longs Drugs"", ""phoneNumber"": ""808.732.0781"", ""receiptDate"": ""JULY 3, 2023"", ""receiptTime"": ""2:48 PM"", ""state"": ""HI"", ""tax"": 0.77, ""total"": 17.24}}",11
Grocery and Supermarkets,"{""ReceiptInfo"": {""ITEMS"": [{""description"": ""CFRIO SF PEG BAG 3Z"", ""discountAmount"": null, ""quantity"": 1, ""totalPrice"": 4.59, ""unitPrice"": 4.59}, {""description"": ""HLMRK EVERYDY CARD ASST"", ""discountAmount"": null, ""quantity"": 1, ""totalPrice"": 4.99, ""unitPrice"": 4.99}, {""description"": ""HLMRK EVERYDY CARD ASST"", ""discountAmount"": null, ""quantity"": 1, ""totalPrice"": 4.99, ""unitPrice"": 4.99}, {""description"": ""TROLLI SOUR CRAWLR 5Z"", ""discountAmount"": null, ""quantity"": 1, ""totalPrice"": 2.79, ""unitPrice"": 2.79}], ""address"": ""4211 WAIALAE AVE HONOLULU, HI 96816"", ""city"": ""HONOLULU"", ""merchant"": ""Longs"", ""phoneNumber"": ""<UNKNOWN> 0781"", ""receiptDate"": ""JUNE 8, 2023"", ""receiptTime"": ""6:17 PM"", ""state"": ""HI"", ""tax"": null, ""total"": 18.18}}",32
Grocery and Supermarkets,"{""ReceiptInfo"": {""ITEMS"": [{""description"": ""CG SPRING WTR"", ""quantity"": 1, ""totalPrice"": 1.67, ""unitPrice"": 1.67}, {""description"": ""DEP SFTDK SNGL FS"", ""quantity"": 1, ""totalPrice"": 0.05, ""unitPrice"": 0.05}, {""description"": ""FEE SFTDK SNGL FS"", ""quantity"": 1, ""totalPrice"": 0.01, ""unitPrice"": 0.01}, {""description"": ""SIG PARCHMENT PAPR"", ""quantity"": 1, ""totalPrice"": 4.99, ""unitPrice"": 4.99}], ""address"": ""2855 East Manoa Road HONOLULU HI 96822"", ""city"": ""HONOLULU"", ""merchant"": ""SAFEWAY"", ""phoneNumber"": ""808-988-2058"", ""receiptDate"": ""06/24/23"", ""receiptTime"": ""15:58"", ""state"": ""HI"", ""tax"": 0.31, ""total"": 7.03}}",36
Grocery and Supermarkets,"{""ReceiptInfo"": {""ITEMS"": [{""description"": ""CHEESECAKE SLICE"", ""quantity"": 1, ""totalPrice"": 5.99, ""unitPrice"": 5.99}], ""address"": ""377 Keahole Street HONOLULU HI 96825"", ""city"": ""HONOLULU"", ""merchant"": ""SAFEWAY"", ""phoneNumber"": ""(808) 396-6337"", ""receiptDate"": ""10/13/23"", ""receiptTime"": ""19:33"", ""state"": ""HI"", ""tax"": 0.28, ""total"": 6.27}}",38
Grocery and Supermarkets,"{""ReceiptInfo"": {""ITEMS"": [{""description"": ""CONCRETE MIX 60lb QUIKRETE"", ""quantity"": 1, ""totalPrice"": 10.25, ""unitPrice"": 10.25}], ""address"": ""30 Kihapai Street Kailua, Hawaii 96734"", ""city"": ""Kailua"", ""merchant"": ""Hardware Hawaii"", ""phoneNumber"": ""(808) 266-1133"", ""receiptDate"": ""10/07/23"", ""receiptTime"": ""10:30AM"", ""state"": ""Hawaii"", ""tax"": 0.48, ""total"": 10.73}}",87
Grocery and Supermarkets,"{""ReceiptInfo"": {""ITEMS"": [{""description"": ""CORKSCREW"", ""discountAmount"": ""null"", ""quantity"": 1, ""totalPrice"": 0.97, ""unitPrice"": 0.97}, {""description"": ""LG <UNKNOWN> PAN"", ""discountAmount"": ""null"", ""quantity"": 1, ""totalPrice"": 5.68, ""unitPrice"": 5.68}, {""description"": ""12 TONGS"", ""discountAmount"": ""null"", ""quantity"": 1, ""totalPrice"": 0.97, ""unitPrice"": 0.97}], ""address"": ""808 <UNKNOWN> WALTER 700 <UNKNOWN> ST <UNKNOWN> <UNKNOWN> 96814"", ""city"": ""<UNKNOWN>"", ""merchant"": ""<UNKNOWN>"", ""phoneNumber"": ""null"", ""receiptDate"": ""09/27/23"", ""receiptTime"": ""15:53:09"", ""state"": ""<UNKNOWN>"", ""tax"": 0.36, ""total"": 7.98}}",45
Grocery and Supermarkets,"{""ReceiptInfo"": {""ITEMS"": [{""description"": ""CRISPY CAULIFLOWER BITES"", ""quantity"": 1, ""totalPrice"": 11.0, ""unitPrice"": 11.0}, {""description"": ""THE MARKET PUB BURGER"", ""quantity"": 1, ""totalPrice"": 14.0, ""unitPrice"": 14.0}, {""description"": ""MIXER $2"", ""quantity"": 1, ""totalPrice"": 2.0, ""unitPrice"": 2.0}], ""address"": ""629 Kailua Rd Kailua, HI 96734"", ""city"": ""Kailua"", ""merchant"": ""WHOLE FOODS"", ""phoneNumber"": ""808-263-6800"", ""receiptDate"": ""11/27/2022"", ""receiptTime"": ""11:17 AM"", ""state"": ""HI"", ""tax"": 1.27, ""total"": 28.27}}",85
Grocery and Supermarkets,"{""ReceiptInfo"": {""ITEMS"": [{""description"": ""Chocolate Colored Film"", ""discountAmount"": null, ""quantity"": 4, ""totalPrice"": 5.4, ""unitPrice"": 1.35}], ""address"": ""4211 Waialae Ave Honolulu, HI 96816"", ""city"": ""Honolulu"", ""merchant"": ""See's Candies"", ""phoneNumber"": ""808-737-9592"", ""receiptDate"": ""7/3/23"", ""receiptTime"": ""2:52 PM"", ""state"": ""HI"", ""tax"": null, ""total"": 5.65}}",83
Grocery and Supermarkets,"{""ReceiptInfo"": {""ITEMS"": [{""description"": ""DOLE JCE"", ""quantity"": 4, ""totalPrice"": 4.54, ""unitPrice"": 1.14}, {""description"": ""HI FEE/DEP"", ""quantity"": 1, ""totalPrice"": 0.06, ""unitPrice"": 0.06}, {""description"": ""FC PNUT PNUT BTR BTR"", ""quantity"": 2, ""totalPrice"": 6.96, ""unitPrice"": 3.48}, {""description"": ""SEASONED SF CANDY PTY"", ""quantity"": 1, ""totalPrice"": 3.48, ""unitPrice"": 3.48}, {""description"": ""SF CANDY"", ""quantity"": 2, ""totalPrice"": 10.24, ""unitPrice"": 5.12}, {""description"": ""KETCHUP"", ""quantity"": 1, ""totalPrice"": 2.3, ""unitPrice"": 2.3}], ""address"": ""700 KEEAUMOKU ST HONOLULU, HI 96814"", ""city"": ""HONOLULU"", ""merchant"": ""Walmart"", ""phoneNumber"": ""808-955-8441"", ""receiptDate"": ""06/27/23"", ""receiptTime"": ""20:08:54"", ""state"": ""HI"", ""tax"": 2.3, ""total"": 51.26}}",91
Grocery and Supermarkets,"{""ReceiptInfo"": {""ITEMS"": [{""description"": ""Double <UNKNOWN>"", ""quantity"": 1, ""totalPrice"": 3.59, ""unitPrice"": 3.59}, {""description"": ""<UNKNOWN> French Fries"", ""quantity"": 1, ""totalPrice"": 3.19, ""unitPrice"": 3.19}], ""address"": ""94-212 LEOKU ST WAIPAHU,HI 96797"", ""city"": ""WAIPAHU"", ""merchant"": ""McDonald's Restaurant"", ""phoneNumber"": ""808-671-0881"", ""receiptDate"": ""11/12/2022"", ""receiptTime"": ""06:58 PM"", ""state"": ""HI"", ""tax"": 0.32, ""total"": 7.1}}",80
Grocery and Supermarkets,"{""ReceiptInfo"": {""ITEMS"": [{""description"": ""Fries & Sweets"", ""quantity"": 1, ""totalPrice"": 10.0, ""unitPrice"": 10.0}, {""description"": ""Purist"", ""quantity"": 1, ""totalPrice"": 12.5, ""unitPrice"": 12.5}, {""description"": ""Beef 1/3"", ""quantity"": 1, ""totalPrice"": 14.5, ""unitPrice"": 14.5}], ""address"": ""4211 Waialae Ave Honolulu, HI 96816"", ""city"": ""Honolulu"", ""merchant"": ""THE COUNTER"", ""phoneNumber"": ""null"", ""receiptDate"": ""Mar27'23"", ""receiptTime"": ""07:00PM"", ""state"": ""HI"", ""tax"": 1.74, ""total"": 38.74}}",57
Grocery and Supermarkets,"{""ReceiptInfo"": {""ITEMS"": [{""description"": ""General"", ""discountAmount"": 0.89, ""quantity"": 1, ""totalPrice"": 19.75, ""unitPrice"": 19.75}, {""description"": ""Child"", ""discountAmount"": 0.72, ""quantity"": 1, ""totalPrice"": 16.0, ""unitPrice"": 16.0}], ""address"": ""RECEIPT"", ""city"": ""T/N :298780"", ""merchant"": ""Kahala"", ""phoneNumber"": ""null"", ""receiptDate"": ""Date:18:55 Jul <UNKNOWN>"", ""receiptTime"": ""null"", ""state"": ""null"", ""tax"": 1.61, ""total"": 35.75}}",10
Grocery and Supermarkets,"{""ReceiptInfo"": {""ITEMS"": [{""description"": ""HERSHEY PB TF"", ""quantity"": 4, ""totalPrice"": 11.56, ""unitPrice"": 2.89}], ""address"": ""4450 Kapolei Pkwy <UNKNOWN> Hawaii 96707-1878"", ""city"": ""<UNKNOWN>"", ""merchant"": ""<UNKNOWN>"", ""phoneNumber"": ""808-457-3679"", ""receiptDate"": ""07/17/2023"", ""receiptTime"": ""07:52 PM"", ""state"": ""Hawaii"", ""tax"": 0.54, ""total"": 12.1}}",81
Grocery and Supermarkets,"{""ReceiptInfo"": {""ITEMS"": [{""description"": ""HERSHEYS PUDDING SMO"", ""discountAmount"": null, ""quantity"": 1, ""totalPrice"": 3.99, ""unitPrice"": 3.99}, {""description"": ""NESTLE DRUMSTK-S/DI*"", ""discountAmount"": null, ""quantity"": 1, ""totalPrice"": 7.99, ""unitPrice"": 7.99}, {""description"": ""TERRA BEER BOTTLE 16"", ""discountAmount"": null, ""quantity"": 1, ""totalPrice"": 3.69, ""unitPrice"": 3.69}, {""description"": ""TERRA BEER BOTTLE 16"", ""discountAmount"": null, ""quantity"": 1, ""totalPrice"": 3.69, ""unitPrice"": 3.69}, {""description"": ""HI DEP**"", ""discountAmount"": null, ""quantity"": 1, ""totalPrice"": 0.05, ""unitPrice"": 0.05}, {""description"": ""HI TAX** 1PK"", ""discountAmount"": null, ""quantity"": 1, ""totalPrice"": 0.01, ""unitPrice"": 0.01}, {""description"": ""HI DEP** 1PK"", ""discountAmount"": null, ""quantity"": 1, ""totalPrice"": 0.05, ""unitPrice"": 0.05}, {""description"": ""HI TAX** 1PK"", ""discountAmount"": null, ""quantity"": 1, ""totalPrice"": 0.01, ""unitPrice"": 0.01}], ""address"": ""Ph.# 973-4800"", ""city"": ""City Unknown"", ""merchant"": ""KAHEKA STORE"", ""phoneNumber"": ""973-4800"", ""receiptDate"": ""10/08/2023"", ""receiptTime"": ""16:57:40"", ""state"": ""State Unknown"", ""tax"": 0.91, ""total"": 20.39}}",51
Grocery and Supermarkets,"{""ReceiptInfo"": {""ITEMS"": [{""description"": ""Happy Meal Ch Burger"", ""quantity"": 1, ""totalPrice"": 4.69, ""unitPrice"": 4.69}, {""description"": ""Cheeseburger"", ""quantity"": 1, ""totalPrice"": 0.8, ""unitPrice"": 0.8}, {""description"": ""Extra Kids Fry"", ""quantity"": 1, ""totalPrice"": 1.49, ""unitPrice"": 1.49}, {""description"": ""Surprise Toy"", ""quantity"": 1, ""totalPrice"": 0.0, ""unitPrice"": 0.0}, {""description"": ""Apple Juice"", ""quantity"": 1, ""totalPrice"": 1.49, ""unitPrice"": 1.49}, {""description"": ""Regular Meat"", ""quantity"": 1, ""totalPrice"": 0.8, ""unitPrice"": 0.8}, {""description"": ""M Diet Coke"", ""quantity"": 1, ""totalPrice"": 1.49, ""unitPrice"": 1.49}], ""address"": ""2121 S KING STREET HONOLULU,HI 96826"", ""city"": ""HONOLULU"", ""merchant"": ""McDonald's Restaurant #2331"", ""phoneNumber"": ""808 973 2357"", ""receiptDate"": ""10/30/2022"", ""receiptTime"": ""06:43 PM"", ""state"": ""HI"", ""tax"": 0.33, ""total"": 7.31}}",74
Grocery and Supermarkets,"{""ReceiptInfo"": {""ITEMS"": [{""description"": ""Happy Meal Ch Burger"", ""quantity"": 1, ""totalPrice"": 5.19, ""unitPrice"": 5.19}, {""description"": ""Cheeseburger ONLY Ketchup ONLY Onions"", ""quantity"": 1, ""totalPrice"": null, ""unitPrice"": null}, {""description"": ""Extra Kids Fry"", ""quantity"": 1, ""totalPrice"": null, ""unitPrice"": null}, {""description"": ""THOR Love & Thunder"", ""quantity"": 1, ""totalPrice"": null, ""unitPrice"": null}, {""description"": ""Apple Juice"", ""quantity"": 1, ""totalPrice"": null, ""unitPrice"": null}, {""description"": ""S Frozen Coke"", ""quantity"": 1, ""totalPrice"": 1.5, ""unitPrice"": 1.5}], ""address"": ""2915 E MANOA RD HONOLULU,HI 96822"", ""city"": ""HONOLULU"", ""merchant"": ""McDonald's Restaurant"", ""phoneNumber"": ""808 988 2219"", ""receiptDate"": ""08/06/2022"", ""receiptTime"": ""04:04 PM"", ""state"": ""HI"", ""tax"": 0.32, ""total"": 7.01}}",103
Grocery and Supermarkets,"{""ReceiptInfo"": {""ITEMS"": [{""description"": ""JD EGWCH FLT 007790047172 F"", ""quantity"": 1, ""totalPrice"": 9.93, ""unitPrice"": 9.93}, {""description"": ""SF CANDY 007296564175 F"", ""quantity"": 1, ""totalPrice"": 2.88, ""unitPrice"": 2.88}, {""description"": ""FC PB 6CT 081771902035 F"", ""quantity"": 2, ""totalPrice"": 15.36, ""unitPrice"": 7.68}], ""address"": ""700 KEEAUMOKU ST HONOLULU HI 96814"", ""city"": ""HONOLULU"", ""merchant"": ""Walmart"", ""phoneNumber"": ""808-955-8441"", ""receiptDate"": ""05/09/22"", ""receiptTime"": ""18:36:08"", ""state"": ""HI"", ""tax"": 1.33, ""total"": 29.5}}",95
Grocery and Supermarkets,"{""ReceiptInfo"": {""ITEMS"": [{""description"": ""JELLO"", ""quantity"": 1, ""totalPrice"": 2.9, ""unitPrice"": 2.9}, {""description"": ""FIESTA SH 16"", ""quantity"": 1, ""totalPrice"": 4.78, ""unitPrice"": 4.78}, {""description"": ""GAR ULT BF"", ""quantity"": 1, ""totalPrice"": 6.34, ""unitPrice"": 6.34}, {""description"": ""JOSEPH BREAD"", ""quantity"": 1, ""totalPrice"": 4.52, ""unitPrice"": 4.52}, {""description"": ""AVOCADO"", ""quantity"": 1, ""totalPrice"": 0.92, ""unitPrice"": 0.92}, {""description"": ""SNFLWR SEEDS"", ""quantity"": 1, ""totalPrice"": 1.84, ""unitPrice"": 1.84}, {""description"": ""SF CANDY"", ""quantity"": 1, ""totalPrice"": 3.18, ""unitPrice"": 3.18}, {""description"": ""SF CANDY"", ""quantity"": 1, ""totalPrice"": 3.18, ""unitPrice"": 3.18}, {""description"": ""SF CANDY"", ""quantity"": 1, ""totalPrice"": 3.18, ""unitPrice"": 3.18}, {""description"": ""SF CANDY"", ""quantity"": 1, ""totalPrice"": 3.18, ""unitPrice"": 3.18}], ""address"": ""700 KEEAUMOKU ST HONOLULU HI 96814"", ""city"": ""HONOLULU"", ""merchant"": ""Walmart"", ""phoneNumber"": ""808-955-8441"", ""receiptDate"": ""07/31/22"", ""receiptTime"": ""20:24:30"", ""state"": ""HI"", ""tax"": 1.6, ""total"": 35.62}}",3
Grocery and Supermarkets,"{""ReceiptInfo"": {""ITEMS"": [{""description"": ""JK ALKALINE BATTERY"", ""quantity"": 1, ""totalPrice"": 2.99, ""unitPrice"": 2.99}, {""description"": ""ORANGE NAVEL <UNKNOWN>"", ""quantity"": 1, ""totalPrice"": 2.49, ""unitPrice"": 2.49}], ""address"": ""KAHEKA STORE"", ""city"": ""<UNKNOWN>"", ""merchant"": ""<UNKNOWN>"", ""phoneNumber"": ""Ph - # 973-4800"", ""receiptDate"": ""09/27/2023"", ""receiptTime"": ""00:11:44"", ""state"": ""<UNKNOWN>"", ""tax"": 0.21, ""total"": 4.7}}",26
Grocery and Supermarkets,"{""ReceiptInfo"": {""ITEMS"": [{""description"": ""JK NET SPONGE"", ""quantity"": 1, ""totalPrice"": 1.79, ""unitPrice"": 1.79}, {""description"": ""PLS FRIDGE TRAY WIDE"", ""quantity"": 1, ""totalPrice"": 1.99, ""unitPrice"": 1.99}, {""description"": ""REFRIGERATER SLIM"", ""quantity"": 1, ""totalPrice"": 1.99, ""unitPrice"": 1.99}, {""description"": ""PLASTIC KIREI STOCKE"", ""quantity"": 1, ""totalPrice"": 1.99, ""unitPrice"": 1.99}, {""description"": ""AVOCADO"", ""quantity"": 2, ""totalPrice"": 5.18, ""unitPrice"": 2.59}], ""address"": ""KAHEKA STORE"", ""city"": ""<UNKNOWN>"", ""merchant"": ""<UNKNOWN>"", ""phoneNumber"": ""<UNKNOWN>"", ""receiptDate"": ""08/13/2022"", ""receiptTime"": ""20:18:17"", ""state"": ""<UNKNOWN>"", ""tax"": 0.61, ""total"": 13.55}}",46
Grocery and Supermarkets,"{""ReceiptInfo"": {""ITEMS"": [{""description"": ""JOLLYTIME POPCORN VARIETY POPCORN BAGS 10 PK"", ""quantity"": 1, ""totalPrice"": 3.49, ""unitPrice"": 3.49}, {""description"": ""JOLLYTIME POPCORN VARIETY POPCORN BAGS 10 PK"", ""quantity"": 1, ""totalPrice"": 3.49, ""unitPrice"": 3.49}], ""address"": ""<UNKNOWN>"", ""city"": ""<UNKNOWN>"", ""merchant"": ""KAHEKA STORE"", ""phoneNumber"": ""973-4800"", ""receiptDate"": ""09/29/2023"", ""receiptTime"": ""22:20:44"", ""state"": ""<UNKNOWN>"", ""tax"": 0.34, ""total"": 7.62}}",59
Grocery and Supermarkets,"{""ReceiptInfo"": {""ITEMS"": [{""description"": ""K-T TOPPOKI"", ""discountAmount"": null, ""quantity"": 1, ""totalPrice"": 4.99, ""unitPrice"": 4.99}, {""description"": ""OTG SOUP RICECAKE"", ""discountAmount"": null, ""quantity"": 1, ""totalPrice"": 6.99, ""unitPrice"": 6.99}, {""description"": ""HT VEGE DUMPLING"", ""discountAmount"": null, ""quantity"": 1, ""totalPrice"": 14.99, ""unitPrice"": 14.99}, {""description"": ""null"", ""discountAmount"": null, ""quantity"": null, ""totalPrice"": null, ""unitPrice"": null}], ""address"": ""458 Keawe st Honolulu, null 96813"", ""city"": ""Honolulu"", ""merchant"": ""H-MART"", ""phoneNumber"": ""(808) 219-0924"", ""receiptDate"": ""06/11/23"", ""receiptTime"": ""09:15pm"", ""state"": ""null"", ""tax"": 1.65, ""total"": 36.61}}",39
Grocery and Supermarkets,"{""ReceiptInfo"": {""ITEMS"": [{""description"": ""KETTLE"", ""quantity"": 1, ""totalPrice"": 43.24, ""unitPrice"": 43.24}, {""description"": ""POPCORN"", ""quantity"": 1, ""totalPrice"": 7.88, ""unitPrice"": 7.88}, {""description"": ""DOG SNACKS"", ""quantity"": 1, ""totalPrice"": 4.54, ""unitPrice"": 4.54}, {""description"": ""CHK NDL SOUP"", ""quantity"": 1, ""totalPrice"": 2.26, ""unitPrice"": 2.26}, {""description"": ""POT RST SOUP"", ""quantity"": 1, ""totalPrice"": 2.26, ""unitPrice"": 2.26}, {""description"": ""CHK NDL SOUP"", ""quantity"": 1, ""totalPrice"": 2.26, ""unitPrice"": 2.26}, {""description"": ""CHK NDL SOUP"", ""quantity"": 1, ""totalPrice"": 2.26, ""unitPrice"": 2.26}, {""description"": ""TUNA"", ""quantity"": 1, ""totalPrice"": 1.32, ""unitPrice"": 1.32}, {""description"": ""TUNA"", ""quantity"": 1, ""totalPrice"": 1.32, ""unitPrice"": 1.32}, {""description"": ""TUNA"", ""quantity"": 1, ""totalPrice"": 1.32, ""unitPrice"": 1.32}, {""description"": ""TUNA"", ""quantity"": 1, ""totalPrice"": 1.32, ""unitPrice"": 1.32}, {""description"": ""SPAM LNCH MT"", ""quantity"": 1, ""totalPrice"": 2.98, ""unitPrice"": 2.98}, {""description"": ""DL BAR 8CT"", ""quantity"": 1, ""totalPrice"": 7.12, ""unitPrice"": 7.12}, {""description"": ""BENADRYL 100"", ""quantity"": 1, ""totalPrice"": 15.24, ""unitPrice"": 15.24}, {""description"": ""GOLDBEARS"", ""quantity"": 1, ""totalPrice"": 1.28, ""unitPrice"": 1.28}, {""description"": ""GOLDBEARS"", ""quantity"": 1, ""totalPrice"": 1.28, ""unitPrice"": 1.28}, {""description"": ""SR GLDBRS"", ""quantity"": 1, ""totalPrice"": 0.98, ""unitPrice"": 0.98}, {""description"": ""NORI"", ""quantity"": 1, ""totalPrice"": 1.27, ""unitPrice"": 1.27}, {""description"": ""NORI"", ""quantity"": 1, ""totalPrice"": 1.27, ""unitPrice"": 1.27}], ""address"": ""1131 KUALA ST PEARL CITY HI 96782"", ""city"": ""PEARL CITY"", ""merchant"": ""Walmart"", ""phoneNumber"": ""808-454-8785"", ""receiptDate"": ""10/04/23"", ""receiptTime"": ""14:24:58"", ""state"": ""HI"", ""tax"": 4.78, ""total"": 106.18}}",42
Grocery and Supermarkets,"{""ReceiptInfo"": {""ITEMS"": [{""description"": ""L LIGHT"", ""quantity"": 1, ""totalPrice"": 3.09, ""unitPrice"": 3.09}], ""address"": ""2754 Drive, 7-106, HI"", ""city"": ""null"", ""merchant"": ""Store"", ""phoneNumber"": ""null"", ""receiptDate"": ""05/04/22"", ""receiptTime"": ""null"", ""state"": ""null"", ""tax"": 0.15, ""total"": 3.24}}",0
Grocery and Supermarkets,"{""ReceiptInfo"": {""ITEMS"": [{""description"": ""LAUHALA MAT"", ""quantity"": 2, ""totalPrice"": 68.18, ""unitPrice"": 34.09}], ""address"": ""(unknown)"", ""city"": ""(unknown)"", ""merchant"": ""BEN FRANKLIN CRAFTS #05575"", ""phoneNumber"": ""(808) 261-4621"", ""receiptDate"": ""08/31/23"", ""receiptTime"": ""7:22PM"", ""state"": ""(unknown)"", ""tax"": 2.89, ""total"": 64.25}}",1
Grocery and Supermarkets,"{""ReceiptInfo"": {""ITEMS"": [{""description"": ""LIFEWAY OWM KFR PL."", ""quantity"": 1, ""totalPrice"": 7.49, ""unitPrice"": 7.49}, {""description"": ""OPN NT PIZZA"", ""quantity"": 1, ""totalPrice"": 8.49, ""unitPrice"": 8.49}, {""description"": ""SIG PISTACHIOS"", ""quantity"": 0.45, ""totalPrice"": 10.99, ""unitPrice"": 2.99}, {""description"": ""APPLES ROYAL GALA"", ""quantity"": 1.35, ""totalPrice"": 1.35, ""unitPrice"": 0.99}], ""address"": ""2855 East Manoa Road HONOLULU HI 96822"", ""city"": ""HONOLULU"", ""merchant"": ""SAFEWAY"", ""phoneNumber"": ""(808) 988-2058"", ""receiptDate"": ""08/10/23"", ""receiptTime"": ""21:45"", ""state"": ""HI"", ""tax"": 1.33, ""total"": 29.65}}",86
Grocery and Supermarkets,"{""ReceiptInfo"": {""ITEMS"": [{""description"": ""LTRBK JAPANESE WHIT BREAD"", ""quantity"": 1, ""totalPrice"": 5.39, ""unitPrice"": 5.39}], ""address"": ""4211 Waialae Ave Ste 2000 Honolulu, HI 96816 5340"", ""city"": ""Honolulu"", ""merchant"": ""Whole Foods Market"", ""phoneNumber"": ""808-738-0820"", ""receiptDate"": ""06/25/2023"", ""receiptTime"": ""02:44 PM"", ""state"": ""HI"", ""tax"": 0.25, ""total"": 5.64}}",55
Grocery and Supermarkets,"{""ReceiptInfo"": {""ITEMS"": [{""description"": ""LUC CHESE"", ""quantity"": 1, ""totalPrice"": 4.59, ""unitPrice"": 4.59}, {""description"": ""HORIZON ORGANIC"", ""quantity"": 1, ""totalPrice"": 7.49, ""unitPrice"": 7.49}, {""description"": ""BROWN COW YGRT VAN"", ""quantity"": 1, ""totalPrice"": 5.99, ""unitPrice"": 5.99}], ""address"": ""2855 East Manoa Road HONOLULU HI 96822"", ""city"": ""HONOLULU"", ""merchant"": ""SAFEWAY"", ""phoneNumber"": ""Main (808) 988-2058"", ""receiptDate"": ""05/05/22"", ""receiptTime"": ""20:18"", ""state"": ""HI"", ""tax"": 0.85, ""total"": 18.92}}",98
Grocery and Supermarkets,"{""ReceiptInfo"": {""ITEMS"": [{""description"": ""LUC UNSALTD BUTTER"", ""quantity"": 1, ""totalPrice"": 6.49, ""unitPrice"": 6.49}, {""description"": ""KRYGOLD IRSH BTTR"", ""quantity"": 1, ""totalPrice"": 4.99, ""unitPrice"": 4.99}], ""address"": ""2855 East Manoa Road HONOLULU HI 96822"", ""city"": ""HONOLULU"", ""merchant"": ""SAFEWAY"", ""phoneNumber"": ""(808) 988-2058"", ""receiptDate"": ""09/05/22"", ""receiptTime"": ""08:46"", ""state"": ""HI"", ""tax"": 0.54, ""total"": 12.02}}",96
Grocery and Supermarkets,"{""ReceiptInfo"": {""ITEMS"": [{""description"": ""LUCERNE MILK WHOLE"", ""quantity"": 1, ""totalPrice"": 4.49, ""unitPrice"": 4.49}], ""address"": ""2855 East Manoa Road HONOLULU HI 96822"", ""city"": ""HONOLULU"", ""merchant"": ""SAFEWAY"", ""phoneNumber"": ""(808) 988-2058"", ""receiptDate"": ""05/26/22"", ""receiptTime"": ""11:57"", ""state"": ""HI"", ""tax"": 0.21, ""total"": 4.7}}",82
Grocery and Supermarkets,"{""ReceiptInfo"": {""ITEMS"": [{""description"": ""Latte Iced Medium"", ""quantity"": 1, ""totalPrice"": 3.99, ""unitPrice"": 3.99}], ""address"": ""330 City Drive South Orange, CA 92868"", ""city"": ""Orange"", ""merchant"": ""Krispy Kreme"", ""phoneNumber"": ""714.769.4330"", ""receiptDate"": ""03/15/2023"", ""receiptTime"": ""1:23 PM"", ""state"": ""CA"", ""tax"": 0.0, ""total"": 3.99}}",22
Grocery and Supermarkets,"{""ReceiptInfo"": {""ITEMS"": [{""description"": ""MANGO TANGO SMOOTHIE"", ""quantity"": 1, ""totalPrice"": 9.0, ""unitPrice"": 9.0}, {""description"": ""RG ICED LATTE"", ""quantity"": 1, ""totalPrice"": 4.5, ""unitPrice"": 4.5}], ""address"": ""629 Kailua Rd Kailua, HI 96734"", ""city"": ""Kailua"", ""merchant"": ""WHOLE FOODS MARKET"", ""phoneNumber"": ""808-263-6800"", ""receiptDate"": ""11/06/2022"", ""receiptTime"": ""09:52 AM"", ""state"": ""HI"", ""tax"": 0.64, ""total"": 14.14}}",40
Grocery and Supermarkets,"{""ReceiptInfo"": {""ITEMS"": [{""description"": ""NISHIKI RICE VINEGAR"", ""quantity"": 1, ""totalPrice"": 3.99, ""unitPrice"": 3.99}, {""description"": ""AJI GYOZA PORK & CHK"", ""quantity"": 1, ""totalPrice"": 15.49, ""unitPrice"": 15.49}, {""description"": ""SK AMAZU SHOGA"", ""quantity"": 1, ""totalPrice"": 7.99, ""unitPrice"": 7.99}, {""description"": ""OSTS GLZ OF DONUT HS"", ""quantity"": 1, ""totalPrice"": 4.49, ""unitPrice"": 4.49}, {""description"": ""OM HARD SALAMI"", ""quantity"": 1, ""totalPrice"": 6.39, ""unitPrice"": 6.39}, {""description"": ""HEARTH N HARVEST WH*"", ""quantity"": 1, ""totalPrice"": 3.99, ""unitPrice"": 3.99}, {""description"": ""CROWN ROYAL PEACH"", ""quantity"": 1, ""totalPrice"": 24.99, ""unitPrice"": 24.99}, {""description"": ""SAPPORO 12PK BEER*"", ""quantity"": 1, ""totalPrice"": 10.99, ""unitPrice"": 10.99}, {""description"": ""HF LTL SMOKIES*"", ""quantity"": 1, ""totalPrice"": 5.99, ""unitPrice"": 5.99}, {""description"": ""GRND BF 75% LEAN"", ""quantity"": 1, ""totalPrice"": 4.82, ""unitPrice"": 4.82}, {""description"": ""GRND BF 75% LEAN"", ""quantity"": 1, ""totalPrice"": 10.38, ""unitPrice"": 10.38}, {""description"": ""PAPER BAG TIMES"", ""quantity"": 2, ""totalPrice"": 0.3, ""unitPrice"": 0.15}], ""address"": ""<UNKNOWN>"", ""city"": ""<UNKNOWN>"", ""merchant"": ""KAHEKA STORE"", ""phoneNumber"": ""973-4800"", ""receiptDate"": ""09/23/2023"", ""receiptTime"": ""18:31:17"", ""state"": ""<UNKNOWN>"", ""tax"": 4.7, ""total"": 103.73}}",67
Grocery and Supermarkets,"{""ReceiptInfo"": {""ITEMS"": [{""description"": ""ORANGE NAVEL <UNKNOWN>"", ""quantity"": 3.48, ""totalPrice"": 6.93, ""unitPrice"": 1.99}, {""description"": ""CHINESE PARSLEY CILA"", ""quantity"": 1, ""totalPrice"": 2.69, ""unitPrice"": 2.69}, {""description"": ""CARROTS-CELLO 2# BH! W"", ""quantity"": 1, ""totalPrice"": 2.49, ""unitPrice"": 2.49}], ""address"": ""<UNKNOWN>"", ""city"": ""<UNKNOWN>"", ""merchant"": ""SELF CHECKOUT KAHEKA STORE"", ""phoneNumber"": ""Ph # 973-4800"", ""receiptDate"": ""30SEP2023"", ""receiptTime"": ""14:17:04"", ""state"": ""<UNKNOWN>"", ""tax"": 0.57, ""total"": 12.68}}",76
Grocery and Supermarkets,"{""ReceiptInfo"": {""ITEMS"": [{""description"": ""OREO ORIG DBL STFF 14.0"", ""quantity"": 1, ""totalPrice"": 2.93, ""unitPrice"": 2.93}, {""description"": ""BAUD WAFER CHOCLT"", ""quantity"": 1, ""totalPrice"": 2.69, ""unitPrice"": 2.69}, {""description"": ""HWNISL TEABG GVGNS"", ""quantity"": 1, ""totalPrice"": 3.6, ""unitPrice"": 3.6}], ""address"": ""91-919 FORT WEAVER RD EWA BEACH, HI 96706"", ""city"": ""EWA BEACH"", ""merchant"": ""Longs Drugs"", ""phoneNumber"": ""808.689.5860"", ""receiptDate"": ""JULY 18, 2023"", ""receiptTime"": ""7:38 PM"", ""state"": ""HI"", ""tax"": 0.36, ""total"": 7.99}}",84
Grocery and Supermarkets,"{""ReceiptInfo"": {""ITEMS"": [{""description"": ""OV UH RF JUG 093966009580 F"", ""discountAmount"": null, ""quantity"": 1, ""totalPrice"": 9.58, ""unitPrice"": 9.58}], ""address"": ""700 KEEAUMOKU ST HONOLULU HI 96814"", ""city"": ""HONOLULU"", ""merchant"": ""Wal-Mart"", ""phoneNumber"": ""808-955-8441"", ""receiptDate"": ""10/31/23"", ""receiptTime"": ""12:23:56"", ""state"": ""HI"", ""tax"": 0.45, ""total"": 10.03}}",60
Grocery and Supermarkets,"{""ReceiptInfo"": {""ITEMS"": [{""description"": ""OYSTER SAUCE 180Z"", ""quantity"": 1, ""totalPrice"": 6.79, ""unitPrice"": 6.79}, {""description"": ""QRT CK LEMON"", ""quantity"": 1, ""totalPrice"": 8.99, ""unitPrice"": 8.99}, {""description"": ""NY STYLE GRND PORK"", ""quantity"": 1, ""totalPrice"": 6.49, ""unitPrice"": 6.49}, {""description"": ""GREEN CABBAGE"", ""quantity"": 1, ""totalPrice"": 7.98, ""unitPrice"": 7.98}, {""description"": ""REDUCED BANANAS"", ""quantity"": 1, ""totalPrice"": 4.49, ""unitPrice"": 4.49}], ""address"": ""377 Keahole Street HONOLULU HI 96825"", ""city"": ""HONOLULU"", ""merchant"": ""SAFEWAY"", ""phoneNumber"": ""808,396-6337"", ""receiptDate"": ""10/13/23"", ""receiptTime"": ""19:27"", ""state"": ""HI"", ""tax"": 1.64, ""total"": 36.38}}",77
Grocery and Supermarkets,"{""ReceiptInfo"": {""ITEMS"": [{""description"": ""OYSTER SAUCE 180Z"", ""quantity"": 1, ""totalPrice"": 6.79, ""unitPrice"": 6.79}, {""description"": ""QRT CK LEMON"", ""quantity"": 1, ""totalPrice"": 8.99, ""unitPrice"": 8.99}, {""description"": ""NY STYLE GRND PORK"", ""quantity"": 1, ""totalPrice"": 6.49, ""unitPrice"": 6.49}, {""description"": ""GREEN CABBAGE"", ""quantity"": 1, ""totalPrice"": 7.98, ""unitPrice"": 7.98}, {""description"": ""REDUCED BANANAS"", ""quantity"": 1, ""totalPrice"": 4.49, ""unitPrice"": 4.49}], ""address"": ""377 Keahole Street HONOLULU HI 96825"", ""city"": ""HONOLULU"", ""merchant"": ""Store 215 Dir Dane Elder"", ""phoneNumber"": ""(808) 396-6337"", ""receiptDate"": ""10/13/23"", ""receiptTime"": ""19:27"", ""state"": ""HI"", ""tax"": 1.64, ""total"": 36.38}}",2
Grocery and Supermarkets,"{""ReceiptInfo"": {""ITEMS"": [{""description"": ""PETIT ECOLIR MLK"", ""quantity"": 1, ""totalPrice"": 4.69, ""unitPrice"": 4.69}], ""address"": ""1234 South Beretania HONOLULU HI 96814"", ""city"": ""HONOLULU"", ""merchant"": ""SAFEWAY"", ""phoneNumber"": ""(808) 535-1785"", ""receiptDate"": ""05/07/22"", ""receiptTime"": ""14:22"", ""state"": ""HI"", ""tax"": 0.22, ""total"": 4.91}}",64
Grocery and Supermarkets,"{""ReceiptInfo"": {""ITEMS"": [{""description"": ""PFD BTRNUT SOUP OG"", ""quantity"": 2, ""totalPrice"": 10.78, ""unitPrice"": 5.39}, {""description"": ""PFD OG CRMY CARROT SOUP"", ""quantity"": 1, ""totalPrice"": 5.29, ""unitPrice"": 5.29}, {""description"": ""365WFM BREADED CALAMARI"", ""quantity"": 2, ""totalPrice"": 13.58, ""unitPrice"": 6.79}, {""description"": ""VTACO CCNUT WT"", ""quantity"": 1, ""totalPrice"": 6.29, ""unitPrice"": 6.29}, {""description"": ""CARROT GINGER SOUP"", ""quantity"": 1, ""totalPrice"": 8.49, ""unitPrice"": 8.49}, {""description"": ""OG CAULIFLOWER"", ""quantity"": 2, ""totalPrice"": 11.98, ""unitPrice"": 5.99}, {""description"": ""CIABATTA BREAD"", ""quantity"": 1, ""totalPrice"": 3.99, ""unitPrice"": 3.99}], ""address"": ""388 Kamakee St Ste 100 Honolulu, HI 96814 5200"", ""city"": ""Honolulu"", ""merchant"": ""WHOLE FOODS MARKET"", ""phoneNumber"": ""808-379-1800"", ""receiptDate"": ""05/04/2022"", ""receiptTime"": ""04:24 PM"", ""state"": ""HI"", ""tax"": 2.61, ""total"": 58.22}}",61
Grocery and Supermarkets,"{""ReceiptInfo"": {""ITEMS"": [{""description"": ""Parking Fee"", ""discountAmount"": null, ""quantity"": 1, ""totalPrice"": 3.0, ""unitPrice"": 3.0}], ""address"": ""300 RODGERS BLVD UNIT 30"", ""city"": ""Honolulu"", ""merchant"": ""Honolulu Intl Airport 0169"", ""phoneNumber"": ""null"", ""receiptDate"": ""18 Jun 23"", ""receiptTime"": ""15:27"", ""state"": ""HI"", ""tax"": null, ""total"": 3.0}}",54
Grocery and Supermarkets,"{""ReceiptInfo"": {""ITEMS"": [{""description"": ""Poi Donut"", ""quantity"": 1, ""totalPrice"": 20.9, ""unitPrice"": 20.9}, {""description"": ""Coco Puff"", ""discountAmount"": 0, ""quantity"": 6, ""totalPrice"": 12.5, ""unitPrice"": 2.08}, {""description"": ""Green Tea Puff"", ""discountAmount"": 0, ""quantity"": 1, ""totalPrice"": 13.74, ""unitPrice"": 13.74}], ""address"": ""Pearl Highlands Center Pearl City, HI 96782"", ""city"": ""Pearl City"", ""merchant"": ""LILIHA BAKERY"", ""phoneNumber"": ""808,455-1188"", ""receiptDate"": ""10/21/2023"", ""receiptTime"": ""5:46:41 PM"", ""state"": ""HI"", ""tax"": 2.22, ""total"": 49.36}}",30
Grocery and Supermarkets,"{""ReceiptInfo"": {""ITEMS"": [{""description"": ""SALMON FILLET"", ""discountAmount"": null, ""quantity"": null, ""totalPrice"": null, ""unitPrice"": 12.31}, {""description"": ""FF CHX BL SL THGH"", ""discountAmount"": null, ""quantity"": null, ""totalPrice"": null, ""unitPrice"": 15.62}, {""description"": ""=TF SHRED LETTUCE PC"", ""discountAmount"": null, ""quantity"": null, ""totalPrice"": null, ""unitPrice"": 4.49}, {""description"": ""KFT F/MEX 4-CHS PC"", ""discountAmount"": null, ""quantity"": null, ""totalPrice"": null, ""unitPrice"": 3.0}, {""description"": ""=KR SHRED MOZZRLLAPC"", ""discountAmount"": null, ""quantity"": null, ""totalPrice"": null, ""unitPrice"": 6.0}, {""description"": ""KFT SHRD ITAL 5CHSPC"", ""discountAmount"": null, ""quantity"": null, ""totalPrice"": null, ""unitPrice"": 6.0}, {""description"": ""OM FC BACON PC"", ""discountAmount"": null, ""quantity"": null, ""totalPrice"": null, ""unitPrice"": 5.69}, {""description"": ""93/7 GRND BF BRICKPC"", ""discountAmount"": null, ""quantity"": null, ""totalPrice"": null, ""unitPrice"": 6.49}, {""description"": ""CHALL CANOLA OIL PC"", ""discountAmount"": null, ""quantity"": null, ""totalPrice"": null, ""unitPrice"": 3.59}, {""description"": ""LCL POKE AHI PC"", ""discountAmount"": null, ""quantity"": null, ""totalPrice"": null, ""unitPrice"": 7.69}, {""description"": ""LCL AHI CAL ROLL PPC"", ""discountAmount"": null, ""quantity"": null, ""totalPrice"": null, ""unitPrice"": 7.76}, {""description"": ""LCL AHI MAUI POKE PC"", ""discountAmount"": null, ""quantity"": null, ""totalPrice"": null, ""unitPrice"": 7.13}, {""description"": ""LCL FLOUR TORT PC"", ""discountAmount"": null, ""quantity"": null, ""totalPrice"": null, ""unitPrice"": 5.69}, {""description"": ""ROSARITA REFRIED BPC"", ""discountAmount"": null, ""quantity"": null, ""totalPrice"": null, ""unitPrice"": 3.39}, {""description"": ""=BUSH BLACK BEANS PC"", ""discountAmount"": null, ""quantity"": null, ""totalPrice"": null, ""unitPrice"": 2.59}, {""description"": ""<UNKNOWN> @ 3.59 /lb WT"", ""discountAmount"": null, ""quantity"": null, ""totalPrice"": null, ""unitPrice"": null}, {""description"": ""=APPLE ENVY PC"", ""discountAmount"": null, ""quantity"": null, ""totalPrice"": null, ""unitPrice"": 8.8}], ""address"": ""1150 Kuala Street Pearl City, HI 96782"", ""city"": ""Pearl City"", ""merchant"": ""Foodland"", ""phoneNumber"": ""808-453-1850"", ""receiptDate"": null, ""receiptTime"": null, ""state"": ""HI"", ""tax"": 5.01, ""total"": null}}",16
Grocery and Supermarkets,"{""ReceiptInfo"": {""ITEMS"": [{""description"": ""SF CANDY"", ""quantity"": 1, ""totalPrice"": 2.88, ""unitPrice"": 2.88}, {""description"": ""SF CANDY"", ""quantity"": 1, ""totalPrice"": 2.88, ""unitPrice"": 2.88}, {""description"": ""SF CANDY"", ""quantity"": 1, ""totalPrice"": 2.88, ""unitPrice"": 2.88}, {""description"": ""FC PB 6CT"", ""quantity"": 1, ""totalPrice"": 7.68, ""unitPrice"": 7.68}], ""address"": ""700 KEEAUMOKU ST HONOLULU HI 96814"", ""city"": ""HONOLULU"", ""merchant"": ""Walmart"", ""phoneNumber"": ""808-955-8441"", ""receiptDate"": ""06/12/22"", ""receiptTime"": ""16:12:16"", ""state"": ""HI"", ""tax"": 0.77, ""total"": 17.09}}",49
Grocery and Supermarkets,"{""ReceiptInfo"": {""ITEMS"": [{""description"": ""SF CANDY"", ""quantity"": 1, ""totalPrice"": 3.48, ""unitPrice"": 3.48}, {""description"": ""SF CANDY"", ""quantity"": 1, ""totalPrice"": 3.48, ""unitPrice"": 3.48}, {""description"": ""SF CANDY"", ""quantity"": 1, ""totalPrice"": 3.48, ""unitPrice"": 3.48}, {""description"": ""SF CANDY"", ""quantity"": 1, ""totalPrice"": 3.48, ""unitPrice"": 3.48}, {""description"": ""SF CANDY"", ""quantity"": 1, ""totalPrice"": 3.48, ""unitPrice"": 3.48}], ""address"": ""700 KEEAUMOKU ST HONOLULU HI 96814"", ""city"": ""HONOLULU"", ""merchant"": ""Walmart"", ""phoneNumber"": ""808-955-8441"", ""receiptDate"": ""09/23/23"", ""receiptTime"": ""14:13:39"", ""state"": ""HI"", ""tax"": 0.82, ""total"": 10.22}}",68
Grocery and Supermarkets,"{""ReceiptInfo"": {""ITEMS"": [{""description"": ""SH FAT FREE MILK PC"", ""quantity"": 1, ""totalPrice"": 4.79, ""unitPrice"": 4.79}, {""description"": ""SH WHOLE MILK PC"", ""quantity"": 1, ""totalPrice"": 4.79, ""unitPrice"": 4.79}, {""description"": ""SALMON FILLET <UNKNOWN>"", ""quantity"": 1, ""totalPrice"": 11.47, ""unitPrice"": 11.47}, {""description"": ""FF CHX BL SL THGH"", ""quantity"": 1, ""totalPrice"": 15.45, ""unitPrice"": 15.45}, {""description"": ""OM FC BACON PC"", ""quantity"": 1, ""totalPrice"": 5.69, ""unitPrice"": 5.69}, {""description"": ""LCL POKE AHI PC"", ""quantity"": 1, ""totalPrice"": 7.48, ""unitPrice"": 7.48}, {""description"": ""LCL AHI CAL ROLL PPC"", ""quantity"": 1, ""totalPrice"": 3.43, ""unitPrice"": 3.43}, {""description"": ""LCL AHI MAUI POKE PC"", ""quantity"": 1, ""totalPrice"": 7.06, ""unitPrice"": 7.06}, {""description"": ""<UNKNOWN> @ 3.29 /lb WT"", ""quantity"": 2.99, ""totalPrice"": 9.84, ""unitPrice"": 3.29}], ""address"": ""1150 Kuala Street Pearl City, HI 96782"", ""city"": ""Pearl City"", ""merchant"": ""Foodland"", ""phoneNumber"": ""808-453-1850"", ""receiptDate"": ""10/17/23"", ""receiptTime"": ""<UNKNOWN>"", ""state"": ""HI"", ""tax"": 3.3, ""total"": 73.3}}",102
Grocery and Supermarkets,"{""ReceiptInfo"": {""ITEMS"": [{""description"": ""SIG ICE CREAM BAR"", ""discountAmount"": 1.0, ""quantity"": 1, ""totalPrice"": 2.99, ""unitPrice"": 2.99}], ""address"": ""2855 East Manoa Road HONOLULU HI 96822"", ""city"": ""HONOLULU"", ""merchant"": ""SAFEWAY"", ""phoneNumber"": ""(808) 988-2058"", ""receiptDate"": ""06/05/22"", ""receiptTime"": ""15:28"", ""state"": ""HI"", ""tax"": 0.14, ""total"": 3.13}}",41
Grocery and Supermarkets,"{""ReceiptInfo"": {""ITEMS"": [{""description"": ""SIG MINI PRETZELS"", ""quantity"": 1, ""totalPrice"": 2.5, ""unitPrice"": 2.5}, {""description"": ""VELVETTA"", ""quantity"": 1, ""totalPrice"": 5.49, ""unitPrice"": 5.49}, {""description"": ""BROWN COW CRM TOP"", ""quantity"": 1, ""totalPrice"": 6.99, ""unitPrice"": 6.99}, {""description"": ""SIG TURKEY BREAST"", ""quantity"": 1, ""totalPrice"": ""<UNKNOWN>"", ""unitPrice"": ""<UNKNOWN>""}], ""address"": ""2855 East Manoa Road HONOLULU HI 96822"", ""city"": ""HONOLULU"", ""merchant"": ""SAFEWAY"", ""phoneNumber"": ""(808) 988-2058"", ""receiptDate"": ""08/20/23"", ""receiptTime"": ""20:04"", ""state"": ""HI"", ""tax"": 1.04, ""total"": 23.16}}",70
Grocery and Supermarkets,"{""ReceiptInfo"": {""ITEMS"": [{""description"": ""SIG PARCHMENT PAPR"", ""quantity"": 1, ""totalPrice"": 4.99, ""unitPrice"": 4.99}, {""description"": ""SIG ALUMINUM FOIL"", ""quantity"": 1, ""totalPrice"": 3.49, ""unitPrice"": 3.49}, {""description"": ""LUCERNE MILK WHOLE"", ""quantity"": 1, ""totalPrice"": 4.79, ""unitPrice"": 4.79}], ""address"": ""2855 East Manoa Road HONOLULU HI 96822"", ""city"": ""HONOLULU"", ""merchant"": ""SAFEWAY"", ""phoneNumber"": ""(808) 988-2058"", ""receiptDate"": ""08/27/23"", ""receiptTime"": ""10:57"", ""state"": ""HI"", ""tax"": 0.63, ""total"": 13.9}}",53
Grocery and Supermarkets,"{""ReceiptInfo"": {""ITEMS"": [{""description"": ""SPRAY ROSES"", ""quantity"": 1, ""totalPrice"": 8.99, ""unitPrice"": 8.99}, {""description"": ""LINDT MILK CHOC"", ""quantity"": 1, ""totalPrice"": 6.79, ""unitPrice"": 6.79}], ""address"": ""2939 Harding Avenue Honolulu, HI 96816"", ""city"": ""Honolulu"", ""merchant"": ""Foodland"", ""phoneNumber"": ""808-734-6303"", ""receiptDate"": ""09/04/23"", ""receiptTime"": ""02:41pm"", ""state"": ""HI"", ""tax"": 0.74, ""total"": 16.52}}",104
Grocery and Supermarkets,"{""ReceiptInfo"": {""ITEMS"": [{""description"": ""SWBCO SHR SUNSCREEN SPRY"", ""discountAmount"": 5.0, ""quantity"": 1, ""totalPrice"": 14.99, ""unitPrice"": 14.99}], ""address"": ""388 Kamakee St Ste 100 Honolulu, HI 96814 5200"", ""city"": ""Honolulu"", ""merchant"": ""WHOLE FOODS MARKET"", ""phoneNumber"": ""808-379-1800"", ""receiptDate"": ""06/23/2023"", ""receiptTime"": ""05:26 PM"", ""state"": ""HI"", ""tax"": 0.64, ""total"": 14.13}}",58
Grocery and Supermarkets,"{""ReceiptInfo"": {""ITEMS"": [{""description"": ""SY RAMEN HOT MULTI"", ""quantity"": 1, ""totalPrice"": 8.99, ""unitPrice"": 8.99}, {""description"": ""IND MI GORENG NOOD"", ""quantity"": 1, ""totalPrice"": 4.99, ""unitPrice"": 4.99}, {""description"": ""HT BEEF DUMPLING D"", ""quantity"": 1, ""totalPrice"": 19.99, ""unitPrice"": 19.99}, {""description"": ""NS SHRIMP HOT SNCK"", ""quantity"": 1, ""totalPrice"": 1.99, ""unitPrice"": 1.99}, {""description"": ""ME AZUKI ICE CREAM"", ""quantity"": 1, ""totalPrice"": 6.49, ""unitPrice"": 6.49}], ""address"": ""458 Keawe st Honolulu, null 96813"", ""city"": ""Honolulu"", ""merchant"": ""H MART"", ""phoneNumber"": ""null"", ""receiptDate"": ""07/15/23"", ""receiptTime"": ""08:16pm"", ""state"": ""null"", ""tax"": 2.0, ""total"": 44.45}}",50
Grocery and Supermarkets,"{""ReceiptInfo"": {""ITEMS"": [{""description"": ""TRAVEL SEWING KIT"", ""quantity"": 1, ""totalPrice"": 4.99, ""unitPrice"": 4.99}, {""description"": ""SLAM DUNK BUBBLE GUM"", ""quantity"": 1, ""totalPrice"": 4.49, ""unitPrice"": 4.49}], ""address"": ""(unknown)"", ""city"": ""(unknown)"", ""merchant"": ""BEN FRANKLIN CRAFTS #05614 (3)"", ""phoneNumber"": ""(808) 735-4211"", ""receiptDate"": ""06/21/23"", ""receiptTime"": ""7:29PM"", ""state"": ""(unknown)"", ""tax"": 0.45, ""total"": 9.93}}",69
Grocery and Supermarkets,"{""ReceiptInfo"": {""ITEMS"": [{""description"": ""Unleaded - R"", ""quantity"": 1, ""totalPrice"": 23.75, ""unitPrice"": 4.559}], ""address"": ""26 Kekela Street Hilo HI, 96720"", ""city"": ""Hilo"", ""merchant"": ""Minit"", ""phoneNumber"": ""<UNKNOWN>"", ""receiptDate"": ""7/8/2023"", ""receiptTime"": ""12:12:18"", ""state"": ""HI"", ""tax"": null, ""total"": null}}",6
Grocery and Supermarkets,"{""ReceiptInfo"": {""ITEMS"": [{""description"": ""WAIALUA FRESH CAGE"", ""quantity"": 1, ""totalPrice"": 6.99, ""unitPrice"": 6.99}, {""description"": ""DANISH VARIETY FRT"", ""quantity"": 1, ""totalPrice"": 6.99, ""unitPrice"": 6.99}], ""address"": ""377 Keahole Street HONOLULU HI 96825"", ""city"": ""HONOLULU"", ""merchant"": ""SAFEWAY"", ""phoneNumber"": ""808.396-6337"", ""receiptDate"": ""10/21/23"", ""receiptTime"": ""16:34"", ""state"": ""HI"", ""tax"": 0.66, ""total"": 14.64}}",92
Restaurants and Food Services,"{""ReceiptInfo"": {""ITEMS"": [{""description"": ""1 Lg Ice Orig Latte"", ""quantity"": 1, ""totalPrice"": 5.59, ""unitPrice"": 5.59}], ""address"": ""2560 McCarthy Mall Honolulu, HI 96822"", ""city"": ""Honolulu"", ""merchant"": ""Dunkin"", ""phoneNumber"": ""(808) 956-6728"", ""receiptDate"": ""6/26/2023"", ""receiptTime"": ""11:09 AM"", ""state"": ""HI"", ""tax"": 0.26, ""total"": 5.85}}",100
Restaurants and Food Services,"{""ReceiptInfo"": {""ITEMS"": [{""description"": ""2 Cucumber Maki"", ""quantity"": 1, ""totalPrice"": 3.98, ""unitPrice"": 3.98}, {""description"": ""1 Shrimp Tempura Hr"", ""quantity"": 1, ""totalPrice"": 3.3, ""unitPrice"": 3.3}], ""address"": ""2334 South King Street Honolulu, HI 96826"", ""city"": ""Honolulu"", ""merchant"": ""KOZO SUSHI"", ""phoneNumber"": ""<UNKNOWN>"", ""receiptDate"": ""4/7/23"", ""receiptTime"": ""3:36 PM"", ""state"": ""HI"", ""tax"": 0.33, ""total"": 7.61}}",62
Restaurants and Food Services,"{""ReceiptInfo"": {""ITEMS"": [{""description"": ""Cucumber Maki"", ""quantity"": 2, ""totalPrice"": 3.98, ""unitPrice"": 1.99}, {""description"": ""Shrimp Tempura Hr"", ""quantity"": 1, ""totalPrice"": 3.3, ""unitPrice"": 3.3}], ""address"": ""2334 South King Street Honolulu, HI 96826"", ""city"": ""Honolulu"", ""merchant"": ""KOZO SUSHI"", ""phoneNumber"": ""null"", ""receiptDate"": ""4/7/23"", ""receiptTime"": ""3:36 PM"", ""state"": ""HI"", ""tax"": 0.33, ""total"": 7.61}}",31
